Test Model,System,Round,Score Document,Score Reference,Score Reference Document
claude-3-5-sonnet,art,first,84,12,27
claude-3-5-sonnet,art,second,12,90,90
claude-3-5-sonnet,art,third,52,93,50
claude-3-5-sonnet,beam,first,72,25,27
claude-3-5-sonnet,beam,second,65,62,54
claude-3-5-sonnet,beam,third,49,72,57
claude-3-5-sonnet,buckling,first,50,29,27
claude-3-5-sonnet,buckling,second,84,59,32
claude-3-5-sonnet,buckling,third,90,0,32
claude-3-5-sonnet,cable,first,70,15,24
claude-3-5-sonnet,cable,second,85,98,80
claude-3-5-sonnet,cable,third,55,20,35
claude-3-5-sonnet,camera,first,52,0,35
claude-3-5-sonnet,camera,second,12,32,64
claude-3-5-sonnet,camera,third,24,12,0
claude-3-5-sonnet,citybus,first,69,2,27
claude-3-5-sonnet,citybus,second,12,5,39
claude-3-5-sonnet,citybus,third,37,57,54
claude-3-5-sonnet,curiosity,first,59,0,32
claude-3-5-sonnet,curiosity,second,58,17,58
claude-3-5-sonnet,curiosity,third,68,12,38
claude-3-5-sonnet,feda,first,47,0,12
claude-3-5-sonnet,feda,second,42,0,34
claude-3-5-sonnet,feda,third,55,12,27
claude-3-5-sonnet,gator,first,34,22,37
claude-3-5-sonnet,gator,second,52,27,27
claude-3-5-sonnet,gator,third,58,39,34
claude-3-5-sonnet,gear,first,64,42,20
claude-3-5-sonnet,gear,second,54,63,68
claude-3-5-sonnet,gear,third,54,7,37
claude-3-5-sonnet,gps_imu,first,44,0,29
claude-3-5-sonnet,gps_imu,second,37,12,37
claude-3-5-sonnet,gps_imu,third,37,19,34
claude-3-5-sonnet,handler,first,12,20,9
claude-3-5-sonnet,handler,second,35,65,47
claude-3-5-sonnet,handler,third,92,0,12
claude-3-5-sonnet,hmmwv,first,74,0,25
claude-3-5-sonnet,hmmwv,second,54,27,32
claude-3-5-sonnet,hmmwv,third,22,32,37
claude-3-5-sonnet,kraz,first,37,17,29
claude-3-5-sonnet,kraz,second,57,17,20
claude-3-5-sonnet,kraz,third,12,0,27
claude-3-5-sonnet,lidar,first,25,14,7
claude-3-5-sonnet,lidar,second,17,39,42
claude-3-5-sonnet,lidar,third,25,17,22
claude-3-5-sonnet,m113,first,79,0,32
claude-3-5-sonnet,m113,second,82,12,34
claude-3-5-sonnet,m113,third,12,12,42
claude-3-5-sonnet,man,first,85,32,12
claude-3-5-sonnet,man,second,24,12,29
claude-3-5-sonnet,man,third,20,32,30
claude-3-5-sonnet,mass_spring_damper,first,84,12,30
claude-3-5-sonnet,mass_spring_damper,second,72,45,45
claude-3-5-sonnet,mass_spring_damper,third,34,27,29
claude-3-5-sonnet,particles,first,62,27,32
claude-3-5-sonnet,particles,second,67,39,37
claude-3-5-sonnet,particles,third,57,32,30
claude-3-5-sonnet,pendulum,first,67,35,12
claude-3-5-sonnet,pendulum,second,59,37,12
claude-3-5-sonnet,pendulum,third,42,2,20
claude-3-5-sonnet,rigid_highway,first,62,0,27
claude-3-5-sonnet,rigid_highway,second,87,72,77
claude-3-5-sonnet,rigid_highway,third,57,72,72
claude-3-5-sonnet,rigid_multipatches,first,78,7,12
claude-3-5-sonnet,rigid_multipatches,second,12,37,47
claude-3-5-sonnet,rigid_multipatches,third,83,82,67
claude-3-5-sonnet,rotor,first,74,0,17
claude-3-5-sonnet,rotor,second,81,45,50
claude-3-5-sonnet,rotor,third,49,42,64
claude-3-5-sonnet,scm,first,55,0,30
claude-3-5-sonnet,scm,second,39,17,24
claude-3-5-sonnet,scm,third,45,25,27
claude-3-5-sonnet,scm_hill,first,37,7,27
claude-3-5-sonnet,scm_hill,second,74,27,22
claude-3-5-sonnet,scm_hill,third,58,34,29
claude-3-5-sonnet,sedan,first,84,12,7
claude-3-5-sonnet,sedan,second,12,35,39
claude-3-5-sonnet,sedan,third,12,22,40
claude-3-5-sonnet,sensros,first,47,0,12
claude-3-5-sonnet,sensros,second,67,22,42
claude-3-5-sonnet,sensros,third,12,35,17
claude-3-5-sonnet,slider_crank,first,49,0,25
claude-3-5-sonnet,slider_crank,second,38,12,44
claude-3-5-sonnet,slider_crank,third,77,44,54
claude-3-5-sonnet,tablecloth,first,47,0,30
claude-3-5-sonnet,tablecloth,second,49,56,71
claude-3-5-sonnet,tablecloth,third,42,68,38
claude-3-5-sonnet,turtlebot,first,65,37,27
claude-3-5-sonnet,turtlebot,second,82,62,36
claude-3-5-sonnet,turtlebot,third,70,0,42
claude-3-5-sonnet,uazbus,first,32,2,0
claude-3-5-sonnet,uazbus,second,80,29,29
claude-3-5-sonnet,uazbus,third,44,0,16
claude-3-5-sonnet,vehros,first,79,2,17
claude-3-5-sonnet,vehros,second,50,45,37
claude-3-5-sonnet,vehros,third,90,37,12
claude-3-5-sonnet,veh_app,first,62,0,37
claude-3-5-sonnet,veh_app,second,14,0,64
claude-3-5-sonnet,veh_app,third,67,0,17
claude-3-5-sonnet,viper,first,30,27,0
claude-3-5-sonnet,viper,second,67,52,44
claude-3-5-sonnet,viper,third,80,12,40
codestral-22b-instruct-v0.1,art,first,0,0,2
codestral-22b-instruct-v0.1,art,second,74,90,90
codestral-22b-instruct-v0.1,art,third,12,90,80
codestral-22b-instruct-v0.1,beam,first,24,5,7
codestral-22b-instruct-v0.1,beam,second,54,0,42
codestral-22b-instruct-v0.1,beam,third,85,78,74
codestral-22b-instruct-v0.1,buckling,first,32,7,2
codestral-22b-instruct-v0.1,buckling,second,62,54,72
codestral-22b-instruct-v0.1,buckling,third,52,2,32
codestral-22b-instruct-v0.1,cable,first,22,27,2
codestral-22b-instruct-v0.1,cable,second,19,70,78
codestral-22b-instruct-v0.1,cable,third,12,17,37
codestral-22b-instruct-v0.1,camera,first,52,0,32
codestral-22b-instruct-v0.1,camera,second,52,60,62
codestral-22b-instruct-v0.1,camera,third,14,22,24
codestral-22b-instruct-v0.1,citybus,first,19,15,15
codestral-22b-instruct-v0.1,citybus,second,27,42,32
codestral-22b-instruct-v0.1,citybus,third,57,80,70
codestral-22b-instruct-v0.1,curiosity,first,77,2,19
codestral-22b-instruct-v0.1,curiosity,second,84,68,63
codestral-22b-instruct-v0.1,curiosity,third,53,35,34
codestral-22b-instruct-v0.1,feda,first,19,25,0
codestral-22b-instruct-v0.1,feda,second,70,17,44
codestral-22b-instruct-v0.1,feda,third,12,20,35
codestral-22b-instruct-v0.1,gator,first,22,0,14
codestral-22b-instruct-v0.1,gator,second,22,34,24
codestral-22b-instruct-v0.1,gator,third,24,72,80
codestral-22b-instruct-v0.1,gear,first,52,27,39
codestral-22b-instruct-v0.1,gear,second,52,86,80
codestral-22b-instruct-v0.1,gear,third,54,44,42
codestral-22b-instruct-v0.1,gps_imu,first,22,15,7
codestral-22b-instruct-v0.1,gps_imu,second,22,39,62
codestral-22b-instruct-v0.1,gps_imu,third,32,60,80
codestral-22b-instruct-v0.1,handler,first,17,15,22
codestral-22b-instruct-v0.1,handler,second,47,72,55
codestral-22b-instruct-v0.1,handler,third,92,25,22
codestral-22b-instruct-v0.1,hmmwv,first,32,0,17
codestral-22b-instruct-v0.1,hmmwv,second,37,0,35
codestral-22b-instruct-v0.1,hmmwv,third,17,29,42
codestral-22b-instruct-v0.1,kraz,first,27,27,10
codestral-22b-instruct-v0.1,kraz,second,49,39,59
codestral-22b-instruct-v0.1,kraz,third,37,20,25
codestral-22b-instruct-v0.1,lidar,first,42,10,29
codestral-22b-instruct-v0.1,lidar,second,12,72,42
codestral-22b-instruct-v0.1,lidar,third,12,0,27
codestral-22b-instruct-v0.1,m113,first,27,25,15
codestral-22b-instruct-v0.1,m113,second,66,12,37
codestral-22b-instruct-v0.1,m113,third,15,29,37
codestral-22b-instruct-v0.1,man,first,75,9,29
codestral-22b-instruct-v0.1,man,second,57,14,39
codestral-22b-instruct-v0.1,man,third,12,47,29
codestral-22b-instruct-v0.1,mass_spring_damper,first,69,5,30
codestral-22b-instruct-v0.1,mass_spring_damper,second,12,60,45
codestral-22b-instruct-v0.1,mass_spring_damper,third,27,25,34
codestral-22b-instruct-v0.1,particles,first,37,25,7
codestral-22b-instruct-v0.1,particles,second,72,63,80
codestral-22b-instruct-v0.1,particles,third,52,50,62
codestral-22b-instruct-v0.1,pendulum,first,40,15,12
codestral-22b-instruct-v0.1,pendulum,second,55,25,12
codestral-22b-instruct-v0.1,pendulum,third,57,60,55
codestral-22b-instruct-v0.1,rigid_highway,first,29,25,27
codestral-22b-instruct-v0.1,rigid_highway,second,12,77,59
codestral-22b-instruct-v0.1,rigid_highway,third,70,62,82
codestral-22b-instruct-v0.1,rigid_multipatches,first,10,0,25
codestral-22b-instruct-v0.1,rigid_multipatches,second,14,44,44
codestral-22b-instruct-v0.1,rigid_multipatches,third,14,59,64
codestral-22b-instruct-v0.1,rotor,first,25,15,0
codestral-22b-instruct-v0.1,rotor,second,62,69,67
codestral-22b-instruct-v0.1,rotor,third,67,54,64
codestral-22b-instruct-v0.1,scm,first,29,22,12
codestral-22b-instruct-v0.1,scm,second,80,12,27
codestral-22b-instruct-v0.1,scm,third,12,32,37
codestral-22b-instruct-v0.1,scm_hill,first,12,10,0
codestral-22b-instruct-v0.1,scm_hill,second,12,29,12
codestral-22b-instruct-v0.1,scm_hill,third,87,39,57
codestral-22b-instruct-v0.1,sedan,first,79,19,2
codestral-22b-instruct-v0.1,sedan,second,12,12,35
codestral-22b-instruct-v0.1,sedan,third,12,25,25
codestral-22b-instruct-v0.1,sensros,first,41,0,27
codestral-22b-instruct-v0.1,sensros,second,20,19,39
codestral-22b-instruct-v0.1,sensros,third,44,72,73
codestral-22b-instruct-v0.1,slider_crank,first,90,2,27
codestral-22b-instruct-v0.1,slider_crank,second,73,72,65
codestral-22b-instruct-v0.1,slider_crank,third,69,52,62
codestral-22b-instruct-v0.1,tablecloth,first,24,0,34
codestral-22b-instruct-v0.1,tablecloth,second,12,41,29
codestral-22b-instruct-v0.1,tablecloth,third,12,55,68
codestral-22b-instruct-v0.1,turtlebot,first,75,0,7
codestral-22b-instruct-v0.1,turtlebot,second,74,54,62
codestral-22b-instruct-v0.1,turtlebot,third,47,27,50
codestral-22b-instruct-v0.1,uazbus,first,21,15,7
codestral-22b-instruct-v0.1,uazbus,second,14,59,59
codestral-22b-instruct-v0.1,vehros,first,25,5,15
codestral-22b-instruct-v0.1,vehros,second,68,40,42
codestral-22b-instruct-v0.1,vehros,third,2,15,19
codestral-22b-instruct-v0.1,veh_app,first,27,15,27
codestral-22b-instruct-v0.1,veh_app,second,12,27,22
codestral-22b-instruct-v0.1,veh_app,third,52,32,29
codestral-22b-instruct-v0.1,viper,first,22,0,37
codestral-22b-instruct-v0.1,viper,second,35,74,85
codestral-22b-instruct-v0.1,viper,third,84,22,29
Gemini,art,first,12,0,32
Gemini,art,second,12,90,90
Gemini,art,third,39,78,83
Gemini,beam,first,12,25,17
Gemini,beam,second,52,14,24
Gemini,beam,third,12,70,57
Gemini,buckling,first,34,12,20
Gemini,buckling,second,87,69,52
Gemini,buckling,third,54,24,34
Gemini,cable,first,74,0,25
Gemini,cable,second,82,73,73
Gemini,cable,third,79,17,57
Gemini,camera,first,67,10,32
Gemini,camera,second,17,78,57
Gemini,camera,third,17,34,30
Gemini,citybus,first,12,0,25
Gemini,citybus,second,12,47,52
Gemini,citybus,third,72,73,72
Gemini,curiosity,first,15,40,0
Gemini,curiosity,second,69,65,47
Gemini,curiosity,third,60,22,27
Gemini,feda,first,37,0,12
Gemini,feda,second,57,12,27
Gemini,feda,third,12,29,35
Gemini,gator,first,90,2,24
Gemini,gator,second,14,0,44
Gemini,gator,third,19,77,69
Gemini,gear,first,85,0,24
Gemini,gear,second,62,88,80
Gemini,gear,third,69,44,52
Gemini,gps_imu,first,38,15,12
Gemini,gps_imu,second,67,34,54
Gemini,gps_imu,third,49,49,57
Gemini,handler,first,12,10,27
Gemini,handler,second,62,65,55
Gemini,handler,third,82,50,12
Gemini,hmmwv,first,75,27,5
Gemini,hmmwv,second,12,12,32
Gemini,hmmwv,third,87,70,64
Gemini,kraz,first,32,7,12
Gemini,kraz,second,12,75,55
Gemini,kraz,third,12,10,15
Gemini,lidar,first,52,17,12
Gemini,lidar,second,7,67,69
Gemini,lidar,third,37,22,27
Gemini,m113,first,2,27,17
Gemini,m113,second,29,34,32
Gemini,m113,third,12,47,57
Gemini,man,first,0,7,0
Gemini,man,second,62,50,74
Gemini,man,third,22,37,22
Gemini,mass_spring_damper,first,59,0,17
Gemini,mass_spring_damper,second,42,55,72
Gemini,mass_spring_damper,third,70,53,68
Gemini,particles,first,32,22,17
Gemini,particles,second,55,57,44
Gemini,particles,third,57,60,47
Gemini,pendulum,first,89,25,27
Gemini,pendulum,second,67,24,37
Gemini,pendulum,third,12,32,33
Gemini,rigid_highway,first,32,0,25
Gemini,rigid_highway,second,12,77,67
Gemini,rigid_highway,third,54,82,78
Gemini,rigid_multipatches,first,45,0,20
Gemini,rigid_multipatches,second,19,12,52
Gemini,rigid_multipatches,third,49,67,70
Gemini,rotor,first,12,0,27
Gemini,rotor,second,82,27,42
Gemini,rotor,third,44,42,44
Gemini,scm,first,63,0,32
Gemini,scm,second,10,82,67
Gemini,scm,third,29,30,27
Gemini,scm_hill,first,26,22,15
Gemini,scm_hill,second,12,12,37
Gemini,scm_hill,third,37,67,47
Gemini,sedan,first,10,5,32
Gemini,sedan,second,52,12,32
Gemini,sedan,third,82,12,35
Gemini,sensros,first,22,0,7
Gemini,sensros,second,72,34,32
Gemini,sensros,third,22,17,32
Gemini,slider_crank,first,60,12,34
Gemini,slider_crank,second,83,67,44
Gemini,slider_crank,third,75,48,45
Gemini,tablecloth,first,12,12,12
Gemini,tablecloth,second,39,51,71
Gemini,tablecloth,third,24,57,65
Gemini,turtlebot,first,55,27,2
Gemini,turtlebot,second,72,60,85
Gemini,turtlebot,third,29,20,47
Gemini,uazbus,first,12,0,20
Gemini,uazbus,second,50,29,63
Gemini,uazbus,third,12,57,37
Gemini,vehros,first,0,7,25
Gemini,vehros,second,74,30,15
Gemini,vehros,third,37,37,44
Gemini,veh_app,first,85,0,32
Gemini,veh_app,second,67,10,27
Gemini,veh_app,third,22,12,34
Gemini,viper,first,59,0,27
Gemini,viper,second,84,47,68
Gemini,viper,third,38,24,37
gemma-2-27b-it,art,first,27,27,22
gemma-2-27b-it,art,second,12,90,90
gemma-2-27b-it,art,third,72,90,90
gemma-2-27b-it,beam,first,84,17,15
gemma-2-27b-it,beam,second,59,12,37
gemma-2-27b-it,beam,third,59,72,75
gemma-2-27b-it,buckling,first,19,12,27
gemma-2-27b-it,buckling,second,27,12,12
gemma-2-27b-it,buckling,third,17,17,0
gemma-2-27b-it,cable,first,39,0,25
gemma-2-27b-it,cable,second,88,77,67
gemma-2-27b-it,cable,third,79,12,12
gemma-2-27b-it,camera,first,37,12,15
gemma-2-27b-it,camera,second,12,24,10
gemma-2-27b-it,camera,third,4,7,27
gemma-2-27b-it,citybus,first,30,0,22
gemma-2-27b-it,citybus,second,27,22,59
gemma-2-27b-it,citybus,third,12,73,65
gemma-2-27b-it,curiosity,first,59,25,27
gemma-2-27b-it,curiosity,second,32,67,55
gemma-2-27b-it,curiosity,third,39,54,40
gemma-2-27b-it,feda,first,37,2,27
gemma-2-27b-it,feda,second,37,29,12
gemma-2-27b-it,feda,third,12,35,52
gemma-2-27b-it,gator,first,0,27,22
gemma-2-27b-it,gator,second,17,37,34
gemma-2-27b-it,gator,third,12,57,90
gemma-2-27b-it,gear,first,67,0,17
gemma-2-27b-it,gear,second,0,22,30
gemma-2-27b-it,gear,third,0,27,40
gemma-2-27b-it,gps_imu,first,12,0,27
gemma-2-27b-it,gps_imu,second,74,14,52
gemma-2-27b-it,gps_imu,third,15,32,29
gemma-2-27b-it,handler,first,14,5,10
gemma-2-27b-it,handler,second,55,72,55
gemma-2-27b-it,handler,third,42,0,45
gemma-2-27b-it,hmmwv,first,0,17,25
gemma-2-27b-it,hmmwv,second,37,22,35
gemma-2-27b-it,hmmwv,third,72,29,39
gemma-2-27b-it,kraz,first,44,25,17
gemma-2-27b-it,kraz,second,17,63,77
gemma-2-27b-it,kraz,third,83,0,25
gemma-2-27b-it,lidar,first,7,27,32
gemma-2-27b-it,lidar,second,12,25,17
gemma-2-27b-it,lidar,third,15,20,25
gemma-2-27b-it,m113,first,17,2,27
gemma-2-27b-it,m113,second,12,27,37
gemma-2-27b-it,m113,third,57,12,34
gemma-2-27b-it,man,first,59,22,19
gemma-2-27b-it,man,second,80,44,67
gemma-2-27b-it,man,third,12,12,32
gemma-2-27b-it,mass_spring_damper,first,44,0,17
gemma-2-27b-it,mass_spring_damper,second,27,49,45
gemma-2-27b-it,mass_spring_damper,third,64,42,29
gemma-2-27b-it,particles,first,22,20,27
gemma-2-27b-it,particles,second,63,60,65
gemma-2-27b-it,particles,third,64,27,35
gemma-2-27b-it,pendulum,first,54,22,24
gemma-2-27b-it,pendulum,second,37,27,32
gemma-2-27b-it,pendulum,third,79,55,65
gemma-2-27b-it,rigid_highway,first,37,0,15
gemma-2-27b-it,rigid_highway,second,83,77,72
gemma-2-27b-it,rigid_highway,third,34,82,60
gemma-2-27b-it,rigid_multipatches,first,29,20,27
gemma-2-27b-it,rigid_multipatches,second,12,29,34
gemma-2-27b-it,rigid_multipatches,third,16,77,64
gemma-2-27b-it,rotor,first,2,25,17
gemma-2-27b-it,rotor,second,58,67,85
gemma-2-27b-it,rotor,third,37,32,63
gemma-2-27b-it,scm,first,12,0,19
gemma-2-27b-it,scm,second,44,34,74
gemma-2-27b-it,scm,third,12,45,27
gemma-2-27b-it,scm_hill,first,17,10,22
gemma-2-27b-it,scm_hill,second,12,14,37
gemma-2-27b-it,scm_hill,third,12,12,63
gemma-2-27b-it,sedan,first,69,20,2
gemma-2-27b-it,sedan,second,12,27,27
gemma-2-27b-it,sedan,third,52,12,25
gemma-2-27b-it,sensros,first,7,0,12
gemma-2-27b-it,sensros,second,27,0,20
gemma-2-27b-it,sensros,third,22,37,22
gemma-2-27b-it,slider_crank,first,74,2,10
gemma-2-27b-it,slider_crank,second,14,64,59
gemma-2-27b-it,slider_crank,third,37,49,62
gemma-2-27b-it,tablecloth,first,69,12,39
gemma-2-27b-it,tablecloth,second,17,54,67
gemma-2-27b-it,tablecloth,third,27,14,45
gemma-2-27b-it,turtlebot,first,14,0,22
gemma-2-27b-it,turtlebot,second,74,62,72
gemma-2-27b-it,turtlebot,third,74,37,27
gemma-2-27b-it,uazbus,first,69,25,20
gemma-2-27b-it,uazbus,second,75,57,77
gemma-2-27b-it,uazbus,third,12,22,55
gemma-2-27b-it,vehros,first,78,20,10
gemma-2-27b-it,vehros,second,42,37,35
gemma-2-27b-it,vehros,third,42,35,27
gemma-2-27b-it,veh_app,first,2,0,2
gemma-2-27b-it,veh_app,second,15,14,39
gemma-2-27b-it,veh_app,third,27,20,39
gemma-2-27b-it,viper,first,45,17,32
gemma-2-27b-it,viper,second,37,82,79
gemma-2-27b-it,viper,third,72,12,27
gemma-2-2b-it,art,first,25,10,10
gemma-2-2b-it,art,second,12,93,85
gemma-2-2b-it,art,third,12,88,90
gemma-2-2b-it,beam,first,20,10,25
gemma-2-2b-it,beam,second,17,12,32
gemma-2-2b-it,beam,third,49,39,39
gemma-2-2b-it,buckling,first,20,2,7
gemma-2-2b-it,buckling,second,45,12,17
gemma-2-2b-it,buckling,third,15,27,17
gemma-2-2b-it,cable,first,0,25,10
gemma-2-2b-it,cable,second,57,53,78
gemma-2-2b-it,cable,third,12,32,37
gemma-2-2b-it,camera,first,0,7,0
gemma-2-2b-it,camera,second,0,2,32
gemma-2-2b-it,camera,third,20,27,20
gemma-2-2b-it,citybus,first,12,0,10
gemma-2-2b-it,citybus,second,7,39,34
gemma-2-2b-it,citybus,third,47,67,64
gemma-2-2b-it,curiosity,first,30,25,27
gemma-2-2b-it,curiosity,second,45,62,68
gemma-2-2b-it,curiosity,third,17,35,43
gemma-2-2b-it,feda,first,22,20,7
gemma-2-2b-it,feda,second,12,12,27
gemma-2-2b-it,feda,third,17,37,35
gemma-2-2b-it,gator,first,22,20,10
gemma-2-2b-it,gator,second,20,35,27
gemma-2-2b-it,gator,third,12,65,62
gemma-2-2b-it,gear,first,20,7,15
gemma-2-2b-it,gear,second,2,20,30
gemma-2-2b-it,gear,third,73,12,15
gemma-2-2b-it,gps_imu,first,20,0,15
gemma-2-2b-it,gps_imu,second,12,37,32
gemma-2-2b-it,gps_imu,third,12,22,32
gemma-2-2b-it,handler,first,20,10,7
gemma-2-2b-it,handler,second,25,57,32
gemma-2-2b-it,handler,third,29,20,22
gemma-2-2b-it,hmmwv,first,25,20,10
gemma-2-2b-it,hmmwv,second,86,25,27
gemma-2-2b-it,hmmwv,third,67,29,44
gemma-2-2b-it,kraz,first,10,0,5
gemma-2-2b-it,kraz,second,17,42,49
gemma-2-2b-it,lidar,first,12,0,0
gemma-2-2b-it,lidar,second,15,29,27
gemma-2-2b-it,lidar,third,0,0,25
gemma-2-2b-it,m113,first,20,20,10
gemma-2-2b-it,m113,second,22,25,32
gemma-2-2b-it,m113,third,20,57,58
gemma-2-2b-it,man,first,22,2,10
gemma-2-2b-it,man,second,12,54,52
gemma-2-2b-it,man,third,12,45,37
gemma-2-2b-it,mass_spring_damper,first,4,12,22
gemma-2-2b-it,mass_spring_damper,second,59,22,34
gemma-2-2b-it,mass_spring_damper,third,64,59,47
gemma-2-2b-it,particles,first,12,0,10
gemma-2-2b-it,particles,second,52,52,57
gemma-2-2b-it,particles,third,42,17,47
gemma-2-2b-it,pendulum,first,0,0,25
gemma-2-2b-it,pendulum,second,12,27,29
gemma-2-2b-it,pendulum,third,72,47,44
gemma-2-2b-it,rigid_highway,first,0,0,5
gemma-2-2b-it,rigid_highway,second,88,45,57
gemma-2-2b-it,rigid_highway,third,17,52,52
gemma-2-2b-it,rigid_multipatches,first,12,20,27
gemma-2-2b-it,rigid_multipatches,second,29,22,29
gemma-2-2b-it,rigid_multipatches,third,32,59,49
gemma-2-2b-it,rotor,first,29,10,29
gemma-2-2b-it,rotor,second,45,62,78
gemma-2-2b-it,rotor,third,27,54,59
gemma-2-2b-it,scm,first,12,0,15
gemma-2-2b-it,scm,second,12,20,30
gemma-2-2b-it,scm,third,12,30,27
gemma-2-2b-it,scm_hill,first,24,2,12
gemma-2-2b-it,scm_hill,second,0,22,12
gemma-2-2b-it,scm_hill,third,54,52,44
gemma-2-2b-it,sedan,first,20,7,17
gemma-2-2b-it,sedan,second,12,12,37
gemma-2-2b-it,sedan,third,37,17,25
gemma-2-2b-it,sensros,first,12,0,20
gemma-2-2b-it,sensros,second,12,2,15
gemma-2-2b-it,sensros,third,9,39,32
gemma-2-2b-it,slider_crank,first,27,0,25
gemma-2-2b-it,slider_crank,second,47,30,54
gemma-2-2b-it,slider_crank,third,64,72,43
gemma-2-2b-it,tablecloth,first,22,12,7
gemma-2-2b-it,tablecloth,second,14,54,39
gemma-2-2b-it,tablecloth,third,12,24,32
gemma-2-2b-it,turtlebot,first,5,5,20
gemma-2-2b-it,turtlebot,second,34,39,49
gemma-2-2b-it,turtlebot,third,62,32,38
gemma-2-2b-it,uazbus,first,0,2,10
gemma-2-2b-it,uazbus,second,37,42,57
gemma-2-2b-it,uazbus,third,12,62,37
gemma-2-2b-it,vehros,first,12,2,2
gemma-2-2b-it,vehros,second,37,54,27
gemma-2-2b-it,vehros,third,45,34,32
gemma-2-2b-it,veh_app,first,0,0,10
gemma-2-2b-it,veh_app,second,15,57,42
gemma-2-2b-it,veh_app,third,17,37,34
gemma-2-2b-it,viper,first,0,7,25
gemma-2-2b-it,viper,second,20,42,37
gemma-2-2b-it,viper,third,72,29,34
gemma-2-9b-it,art,first,27,12,7
gemma-2-9b-it,art,second,12,90,78
gemma-2-9b-it,art,third,12,90,90
gemma-2-9b-it,beam,first,22,30,15
gemma-2-9b-it,beam,second,17,0,17
gemma-2-9b-it,beam,third,42,62,67
gemma-2-9b-it,buckling,first,25,27,17
gemma-2-9b-it,buckling,second,40,45,0
gemma-2-9b-it,buckling,third,22,20,5
gemma-2-9b-it,cable,first,20,25,25
gemma-2-9b-it,cable,second,43,80,72
gemma-2-9b-it,cable,third,15,12,32
gemma-2-9b-it,camera,first,20,20,12
gemma-2-9b-it,camera,second,7,7,0
gemma-2-9b-it,camera,third,12,0,12
gemma-2-9b-it,citybus,first,32,0,12
gemma-2-9b-it,citybus,second,12,12,37
gemma-2-9b-it,citybus,third,12,75,75
gemma-2-9b-it,curiosity,first,47,32,27
gemma-2-9b-it,curiosity,second,17,65,62
gemma-2-9b-it,curiosity,third,62,34,40
gemma-2-9b-it,feda,first,12,20,17
gemma-2-9b-it,feda,second,12,0,39
gemma-2-9b-it,feda,third,27,22,37
gemma-2-9b-it,gator,first,22,25,12
gemma-2-9b-it,gator,second,12,42,49
gemma-2-9b-it,gator,third,12,75,75
gemma-2-9b-it,gear,first,27,0,30
gemma-2-9b-it,gear,second,40,20,15
gemma-2-9b-it,gear,third,20,17,20
gemma-2-9b-it,gps_imu,first,24,0,0
gemma-2-9b-it,gps_imu,second,88,12,59
gemma-2-9b-it,gps_imu,third,14,59,55
gemma-2-9b-it,handler,first,12,25,35
gemma-2-9b-it,handler,second,70,85,55
gemma-2-9b-it,handler,third,64,30,25
gemma-2-9b-it,hmmwv,first,12,0,22
gemma-2-9b-it,hmmwv,second,12,12,30
gemma-2-9b-it,hmmwv,third,44,59,47
gemma-2-9b-it,kraz,first,0,22,19
gemma-2-9b-it,kraz,second,22,37,69
gemma-2-9b-it,kraz,third,12,20,30
gemma-2-9b-it,lidar,first,7,22,22
gemma-2-9b-it,lidar,second,0,0,15
gemma-2-9b-it,lidar,third,25,0,17
gemma-2-9b-it,m113,first,19,20,20
gemma-2-9b-it,m113,second,12,0,32
gemma-2-9b-it,m113,third,12,37,40
gemma-2-9b-it,man,first,17,10,15
gemma-2-9b-it,man,second,12,39,52
gemma-2-9b-it,man,third,39,34,27
gemma-2-9b-it,mass_spring_damper,first,32,25,44
gemma-2-9b-it,mass_spring_damper,second,59,52,44
gemma-2-9b-it,mass_spring_damper,third,72,18,45
gemma-2-9b-it,particles,first,32,0,12
gemma-2-9b-it,particles,second,29,57,68
gemma-2-9b-it,particles,third,49,27,63
gemma-2-9b-it,pendulum,first,24,15,10
gemma-2-9b-it,pendulum,second,12,22,47
gemma-2-9b-it,pendulum,third,12,38,45
gemma-2-9b-it,rigid_highway,first,32,0,15
gemma-2-9b-it,rigid_highway,second,69,72,69
gemma-2-9b-it,rigid_highway,third,67,67,72
gemma-2-9b-it,rigid_multipatches,first,73,20,7
gemma-2-9b-it,rigid_multipatches,second,20,29,14
gemma-2-9b-it,rigid_multipatches,third,17,78,69
gemma-2-9b-it,rotor,first,27,0,27
gemma-2-9b-it,rotor,second,64,77,80
gemma-2-9b-it,rotor,third,55,54,49
gemma-2-9b-it,scm,first,30,20,17
gemma-2-9b-it,scm,second,12,39,44
gemma-2-9b-it,scm,third,32,35,35
gemma-2-9b-it,scm_hill,first,12,7,32
gemma-2-9b-it,scm_hill,second,27,42,22
gemma-2-9b-it,scm_hill,third,50,42,34
gemma-2-9b-it,sedan,first,40,2,17
gemma-2-9b-it,sedan,second,12,12,12
gemma-2-9b-it,sedan,third,12,0,27
gemma-2-9b-it,sensros,second,25,20,34
gemma-2-9b-it,sensros,third,25,14,0
gemma-2-9b-it,slider_crank,first,59,20,25
gemma-2-9b-it,slider_crank,second,49,54,39
gemma-2-9b-it,slider_crank,third,57,54,27
gemma-2-9b-it,tablecloth,first,17,7,29
gemma-2-9b-it,tablecloth,second,12,51,46
gemma-2-9b-it,tablecloth,third,29,27,42
gemma-2-9b-it,turtlebot,first,0,0,2
gemma-2-9b-it,turtlebot,second,45,66,66
gemma-2-9b-it,turtlebot,third,27,32,27
gemma-2-9b-it,uazbus,first,29,2,17
gemma-2-9b-it,uazbus,second,64,39,37
gemma-2-9b-it,uazbus,third,52,37,27
gemma-2-9b-it,vehros,first,0,22,15
gemma-2-9b-it,vehros,second,69,12,12
gemma-2-9b-it,vehros,third,22,47,37
gemma-2-9b-it,veh_app,first,24,10,25
gemma-2-9b-it,veh_app,second,74,24,24
gemma-2-9b-it,veh_app,third,22,29,37
gemma-2-9b-it,viper,first,22,10,32
gemma-2-9b-it,viper,second,39,59,87
gemma-2-9b-it,viper,third,74,30,12
gpt-4o,art,first,0,0,27
gpt-4o,art,second,57,83,53
gpt-4o,art,third,12,93,58
gpt-4o,beam,first,12,44,9
gpt-4o,beam,second,82,44,74
gpt-4o,beam,third,68,67,54
gpt-4o,buckling,first,32,24,27
gpt-4o,buckling,second,12,59,47
gpt-4o,buckling,third,57,17,27
gpt-4o,cable,first,22,12,27
gpt-4o,cable,second,67,0,68
gpt-4o,cable,third,79,20,59
gpt-4o,camera,first,85,20,27
gpt-4o,camera,second,12,62,49
gpt-4o,camera,third,0,34,12
gpt-4o,citybus,first,84,0,27
gpt-4o,citybus,second,47,12,34
gpt-4o,citybus,third,12,14,44
gpt-4o,curiosity,first,84,0,19
gpt-4o,curiosity,second,84,39,57
gpt-4o,curiosity,third,85,19,34
gpt-4o,feda,first,12,0,7
gpt-4o,feda,second,15,34,47
gpt-4o,feda,third,22,32,49
gpt-4o,gator,first,82,12,22
gpt-4o,gator,second,12,0,0
gpt-4o,gator,third,53,65,68
gpt-4o,gear,first,70,29,17
gpt-4o,gear,second,57,62,16
gpt-4o,gear,third,74,5,37
gpt-4o,gps_imu,first,39,7,25
gpt-4o,gps_imu,second,37,12,27
gpt-4o,gps_imu,third,12,44,62
gpt-4o,handler,first,84,9,17
gpt-4o,handler,second,65,65,47
gpt-4o,handler,third,93,37,24
gpt-4o,hmmwv,first,72,0,27
gpt-4o,hmmwv,second,37,25,0
gpt-4o,hmmwv,third,57,41,59
gpt-4o,kraz,first,84,2,25
gpt-4o,kraz,second,12,39,44
gpt-4o,kraz,third,14,25,7
gpt-4o,lidar,first,79,25,15
gpt-4o,lidar,second,20,12,70
gpt-4o,lidar,third,12,0,22
gpt-4o,m113,first,86,25,17
gpt-4o,m113,second,12,29,29
gpt-4o,m113,third,12,32,32
gpt-4o,man,first,63,22,19
gpt-4o,man,second,77,32,34
gpt-4o,man,third,12,29,39
gpt-4o,mass_spring_damper,first,79,12,10
gpt-4o,mass_spring_damper,second,54,69,64
gpt-4o,mass_spring_damper,third,74,55,69
gpt-4o,particles,first,37,36,32
gpt-4o,particles,second,67,62,63
gpt-4o,particles,third,54,47,53
gpt-4o,pendulum,first,37,12,22
gpt-4o,pendulum,second,84,12,37
gpt-4o,pendulum,third,74,35,27
gpt-4o,rigid_highway,first,84,20,19
gpt-4o,rigid_highway,second,70,37,57
gpt-4o,rigid_highway,third,75,80,67
gpt-4o,rigid_multipatches,first,67,0,10
gpt-4o,rigid_multipatches,second,20,39,39
gpt-4o,rigid_multipatches,third,30,65,67
gpt-4o,rotor,first,69,0,27
gpt-4o,rotor,second,62,39,57
gpt-4o,rotor,third,52,44,19
gpt-4o,scm,first,12,27,32
gpt-4o,scm,second,77,12,24
gpt-4o,scm,third,75,30,12
gpt-4o,scm_hill,first,14,20,27
gpt-4o,scm_hill,second,12,0,2
gpt-4o,scm_hill,third,67,32,32
gpt-4o,sedan,first,85,34,19
gpt-4o,sedan,second,90,12,32
gpt-4o,sedan,third,12,19,25
gpt-4o,sensros,first,84,0,7
gpt-4o,sensros,second,17,34,49
gpt-4o,sensros,third,12,69,54
gpt-4o,slider_crank,first,74,12,9
gpt-4o,slider_crank,second,37,49,54
gpt-4o,slider_crank,third,67,67,62
gpt-4o,tablecloth,first,14,12,2
gpt-4o,tablecloth,second,42,51,39
gpt-4o,tablecloth,third,12,19,30
gpt-4o,turtlebot,first,27,15,29
gpt-4o,turtlebot,second,92,52,50
gpt-4o,turtlebot,third,85,12,32
gpt-4o,uazbus,first,12,0,17
gpt-4o,uazbus,second,40,69,69
gpt-4o,uazbus,third,29,12,44
gpt-4o,vehros,first,32,0,10
gpt-4o,vehros,second,44,25,30
gpt-4o,vehros,third,84,35,32
gpt-4o,veh_app,first,82,12,22
gpt-4o,veh_app,second,60,0,12
gpt-4o,veh_app,third,32,0,27
gpt-4o,viper,first,30,0,30
gpt-4o,viper,second,42,52,43
gpt-4o,viper,third,83,24,24
gpt-4o-mini,art,first,22,15,22
gpt-4o-mini,art,second,64,90,90
gpt-4o-mini,art,third,57,78,77
gpt-4o-mini,beam,first,44,30,19
gpt-4o-mini,beam,second,49,67,68
gpt-4o-mini,beam,third,83,67,88
gpt-4o-mini,buckling,first,73,17,17
gpt-4o-mini,buckling,second,87,83,83
gpt-4o-mini,buckling,third,57,24,32
gpt-4o-mini,cable,first,12,35,22
gpt-4o-mini,cable,second,55,73,83
gpt-4o-mini,cable,third,86,0,30
gpt-4o-mini,camera,first,67,0,15
gpt-4o-mini,camera,second,2,52,49
gpt-4o-mini,camera,third,47,35,12
gpt-4o-mini,citybus,first,27,22,17
gpt-4o-mini,citybus,second,70,25,34
gpt-4o-mini,citybus,third,57,70,77
gpt-4o-mini,curiosity,first,22,0,22
gpt-4o-mini,curiosity,second,37,47,68
gpt-4o-mini,curiosity,third,32,32,47
gpt-4o-mini,feda,first,29,7,24
gpt-4o-mini,feda,second,59,12,39
gpt-4o-mini,feda,third,27,32,59
gpt-4o-mini,gator,first,24,0,25
gpt-4o-mini,gator,second,52,14,49
gpt-4o-mini,gator,third,15,78,78
gpt-4o-mini,gear,first,47,17,27
gpt-4o-mini,gear,second,57,93,88
gpt-4o-mini,gear,third,55,27,47
gpt-4o-mini,gps_imu,first,32,25,17
gpt-4o-mini,gps_imu,second,77,37,44
gpt-4o-mini,gps_imu,third,86,72,72
gpt-4o-mini,handler,first,32,17,20
gpt-4o-mini,handler,second,57,65,55
gpt-4o-mini,handler,third,87,10,30
gpt-4o-mini,hmmwv,first,32,12,27
gpt-4o-mini,hmmwv,third,14,64,67
gpt-4o-mini,kraz,first,22,0,17
gpt-4o-mini,kraz,second,12,55,69
gpt-4o-mini,kraz,third,27,0,17
gpt-4o-mini,lidar,first,47,20,22
gpt-4o-mini,lidar,second,12,0,27
gpt-4o-mini,lidar,third,74,22,29
gpt-4o-mini,m113,first,22,25,2
gpt-4o-mini,m113,second,12,12,37
gpt-4o-mini,m113,third,70,32,57
gpt-4o-mini,man,first,57,15,29
gpt-4o-mini,man,second,40,52,57
gpt-4o-mini,man,third,54,42,47
gpt-4o-mini,mass_spring_damper,first,14,0,22
gpt-4o-mini,mass_spring_damper,second,62,55,70
gpt-4o-mini,mass_spring_damper,third,59,68,40
gpt-4o-mini,particles,first,68,9,0
gpt-4o-mini,particles,second,59,86,72
gpt-4o-mini,particles,third,73,62,47
gpt-4o-mini,pendulum,first,52,25,15
gpt-4o-mini,pendulum,second,12,12,37
gpt-4o-mini,pendulum,third,50,7,43
gpt-4o-mini,rigid_highway,first,37,0,27
gpt-4o-mini,rigid_highway,second,53,90,69
gpt-4o-mini,rigid_highway,third,65,80,77
gpt-4o-mini,rigid_multipatches,first,0,27,22
gpt-4o-mini,rigid_multipatches,second,14,47,54
gpt-4o-mini,rigid_multipatches,third,17,82,67
gpt-4o-mini,rotor,first,83,27,17
gpt-4o-mini,rotor,second,74,73,67
gpt-4o-mini,rotor,third,32,24,65
gpt-4o-mini,scm,first,59,0,17
gpt-4o-mini,scm,second,27,25,49
gpt-4o-mini,scm,third,0,27,37
gpt-4o-mini,scm_hill,first,34,17,15
gpt-4o-mini,scm_hill,second,22,57,37
gpt-4o-mini,scm_hill,third,17,52,47
gpt-4o-mini,sedan,first,57,2,22
gpt-4o-mini,sedan,second,49,12,52
gpt-4o-mini,sedan,third,37,12,25
gpt-4o-mini,sensros,first,37,0,30
gpt-4o-mini,sensros,second,12,57,57
gpt-4o-mini,sensros,third,0,67,65
gpt-4o-mini,slider_crank,first,59,19,22
gpt-4o-mini,slider_crank,second,79,69,67
gpt-4o-mini,slider_crank,third,29,62,37
gpt-4o-mini,tablecloth,first,59,22,22
gpt-4o-mini,tablecloth,second,24,41,44
gpt-4o-mini,tablecloth,third,12,52,59
gpt-4o-mini,turtlebot,first,0,0,32
gpt-4o-mini,turtlebot,second,49,75,70
gpt-4o-mini,turtlebot,third,84,22,40
gpt-4o-mini,uazbus,first,25,7,15
gpt-4o-mini,uazbus,second,12,59,72
gpt-4o-mini,uazbus,third,40,17,47
gpt-4o-mini,vehros,first,32,0,12
gpt-4o-mini,vehros,second,93,35,30
gpt-4o-mini,vehros,third,64,12,39
gpt-4o-mini,veh_app,first,15,27,17
gpt-4o-mini,veh_app,second,88,22,32
gpt-4o-mini,veh_app,third,12,12,57
gpt-4o-mini,viper,first,22,0,0
gpt-4o-mini,viper,second,27,77,72
gpt-4o-mini,viper,third,84,29,22
gpt-4o-mini-f1,art,first,12,34,44
gpt-4o-mini-f1,art,second,59,93,90
gpt-4o-mini-f1,art,third,37,74,90
gpt-4o-mini-f1,beam,first,82,30,14
gpt-4o-mini-f1,beam,second,14,78,67
gpt-4o-mini-f1,beam,third,52,73,80
gpt-4o-mini-f1,buckling,first,47,27,27
gpt-4o-mini-f1,buckling,second,77,82,74
gpt-4o-mini-f1,buckling,third,47,2,37
gpt-4o-mini-f1,cable,first,27,20,20
gpt-4o-mini-f1,cable,second,30,88,93
gpt-4o-mini-f1,cable,third,12,32,32
gpt-4o-mini-f1,camera,first,22,22,15
gpt-4o-mini-f1,camera,second,12,59,60
gpt-4o-mini-f1,camera,third,17,45,64
gpt-4o-mini-f1,citybus,first,27,57,54
gpt-4o-mini-f1,citybus,second,12,91,77
gpt-4o-mini-f1,citybus,third,12,93,78
gpt-4o-mini-f1,curiosity,first,29,27,27
gpt-4o-mini-f1,curiosity,second,42,70,75
gpt-4o-mini-f1,curiosity,third,32,59,65
gpt-4o-mini-f1,feda,first,30,87,85
gpt-4o-mini-f1,feda,second,49,52,67
gpt-4o-mini-f1,feda,third,12,69,49
gpt-4o-mini-f1,gator,first,12,90,85
gpt-4o-mini-f1,gator,second,12,12,34
gpt-4o-mini-f1,gator,third,54,87,90
gpt-4o-mini-f1,gear,first,14,12,12
gpt-4o-mini-f1,gear,second,64,81,87
gpt-4o-mini-f1,gear,third,64,47,62
gpt-4o-mini-f1,gps_imu,first,67,52,52
gpt-4o-mini-f1,gps_imu,second,77,87,82
gpt-4o-mini-f1,gps_imu,third,17,78,78
gpt-4o-mini-f1,handler,first,40,12,15
gpt-4o-mini-f1,handler,second,62,80,80
gpt-4o-mini-f1,handler,third,42,65,47
gpt-4o-mini-f1,hmmwv,first,12,90,82
gpt-4o-mini-f1,hmmwv,second,12,22,25
gpt-4o-mini-f1,hmmwv,third,24,49,27
gpt-4o-mini-f1,kraz,first,90,47,34
gpt-4o-mini-f1,kraz,second,12,75,77
gpt-4o-mini-f1,kraz,third,12,7,20
gpt-4o-mini-f1,lidar,first,20,0,25
gpt-4o-mini-f1,lidar,second,12,50,40
gpt-4o-mini-f1,lidar,third,25,0,25
gpt-4o-mini-f1,m113,first,14,22,0
gpt-4o-mini-f1,m113,second,12,42,47
gpt-4o-mini-f1,m113,third,22,62,42
gpt-4o-mini-f1,man,first,19,12,57
gpt-4o-mini-f1,man,second,17,70,69
gpt-4o-mini-f1,man,third,12,47,59
gpt-4o-mini-f1,mass_spring_damper,first,14,15,17
gpt-4o-mini-f1,mass_spring_damper,second,22,75,68
gpt-4o-mini-f1,mass_spring_damper,third,69,82,77
gpt-4o-mini-f1,particles,first,53,27,17
gpt-4o-mini-f1,particles,second,67,70,70
gpt-4o-mini-f1,particles,third,57,77,68
gpt-4o-mini-f1,pendulum,first,22,5,22
gpt-4o-mini-f1,pendulum,second,52,80,80
gpt-4o-mini-f1,pendulum,third,73,90,96
gpt-4o-mini-f1,rigid_highway,first,48,52,82
gpt-4o-mini-f1,rigid_highway,second,12,82,85
gpt-4o-mini-f1,rigid_highway,third,14,83,82
gpt-4o-mini-f1,rigid_multipatches,first,68,20,27
gpt-4o-mini-f1,rigid_multipatches,second,27,67,70
gpt-4o-mini-f1,rigid_multipatches,third,19,59,62
gpt-4o-mini-f1,rotor,first,12,0,27
gpt-4o-mini-f1,rotor,second,18,75,75
gpt-4o-mini-f1,rotor,third,52,63,57
gpt-4o-mini-f1,scm,first,27,0,0
gpt-4o-mini-f1,scm,second,12,60,34
gpt-4o-mini-f1,scm,third,32,20,62
gpt-4o-mini-f1,scm_hill,first,32,0,14
gpt-4o-mini-f1,scm_hill,second,9,17,31
gpt-4o-mini-f1,scm_hill,third,47,78,90
gpt-4o-mini-f1,sedan,first,12,52,52
gpt-4o-mini-f1,sedan,second,12,57,72
gpt-4o-mini-f1,sedan,third,14,12,25
gpt-4o-mini-f1,sensros,first,64,0,2
gpt-4o-mini-f1,sensros,second,22,78,68
gpt-4o-mini-f1,sensros,third,37,60,70
gpt-4o-mini-f1,slider_crank,first,59,0,22
gpt-4o-mini-f1,slider_crank,second,67,77,83
gpt-4o-mini-f1,slider_crank,third,44,73,67
gpt-4o-mini-f1,tablecloth,first,62,12,30
gpt-4o-mini-f1,tablecloth,second,65,56,42
gpt-4o-mini-f1,tablecloth,third,65,62,65
gpt-4o-mini-f1,turtlebot,first,37,0,42
gpt-4o-mini-f1,turtlebot,second,64,92,92
gpt-4o-mini-f1,turtlebot,third,22,12,32
gpt-4o-mini-f1,uazbus,first,70,93,78
gpt-4o-mini-f1,uazbus,second,75,80,75
gpt-4o-mini-f1,uazbus,third,17,83,69
gpt-4o-mini-f1,vehros,first,32,0,25
gpt-4o-mini-f1,vehros,second,93,50,40
gpt-4o-mini-f1,vehros,third,60,37,27
gpt-4o-mini-f1,veh_app,first,2,15,7
gpt-4o-mini-f1,veh_app,second,83,32,64
gpt-4o-mini-f1,veh_app,third,30,49,49
gpt-4o-mini-f1,viper,first,37,0,7
gpt-4o-mini-f1,viper,second,84,83,83
gpt-4o-mini-f1,viper,third,90,29,47
gpt-4o-mini-f2,art,first,12,53,33
gpt-4o-mini-f2,art,second,22,90,90
gpt-4o-mini-f2,art,third,12,90,90
gpt-4o-mini-f2,beam,first,34,17,29
gpt-4o-mini-f2,beam,second,76,73,75
gpt-4o-mini-f2,beam,third,12,72,83
gpt-4o-mini-f2,buckling,first,22,7,27
gpt-4o-mini-f2,buckling,second,12,84,79
gpt-4o-mini-f2,buckling,third,64,7,34
gpt-4o-mini-f2,cable,first,12,17,7
gpt-4o-mini-f2,cable,second,82,96,90
gpt-4o-mini-f2,cable,third,52,0,52
gpt-4o-mini-f2,camera,first,12,25,30
gpt-4o-mini-f2,camera,second,20,67,57
gpt-4o-mini-f2,camera,third,12,72,37
gpt-4o-mini-f2,citybus,first,32,60,72
gpt-4o-mini-f2,citybus,second,7,80,72
gpt-4o-mini-f2,citybus,third,49,90,90
gpt-4o-mini-f2,curiosity,first,12,30,25
gpt-4o-mini-f2,curiosity,second,62,84,72
gpt-4o-mini-f2,curiosity,third,55,0,42
gpt-4o-mini-f2,feda,first,14,19,47
gpt-4o-mini-f2,feda,second,12,60,57
gpt-4o-mini-f2,feda,third,49,57,49
gpt-4o-mini-f2,gator,first,12,90,78
gpt-4o-mini-f2,gator,second,45,67,54
gpt-4o-mini-f2,gator,third,17,90,90
gpt-4o-mini-f2,gear,first,25,2,12
gpt-4o-mini-f2,gear,second,50,47,97
gpt-4o-mini-f2,gear,third,12,59,52
gpt-4o-mini-f2,gps_imu,first,27,0,12
gpt-4o-mini-f2,gps_imu,second,24,88,90
gpt-4o-mini-f2,gps_imu,third,52,90,90
gpt-4o-mini-f2,handler,first,12,20,25
gpt-4o-mini-f2,handler,second,37,90,80
gpt-4o-mini-f2,handler,third,74,30,37
gpt-4o-mini-f2,hmmwv,first,37,88,85
gpt-4o-mini-f2,hmmwv,second,12,0,25
gpt-4o-mini-f2,hmmwv,third,24,75,50
gpt-4o-mini-f2,kraz,first,29,20,0
gpt-4o-mini-f2,kraz,second,49,73,80
gpt-4o-mini-f2,kraz,third,12,32,37
gpt-4o-mini-f2,lidar,first,30,12,27
gpt-4o-mini-f2,lidar,second,0,75,70
gpt-4o-mini-f2,lidar,third,0,0,27
gpt-4o-mini-f2,m113,first,12,0,32
gpt-4o-mini-f2,m113,second,12,57,60
gpt-4o-mini-f2,m113,third,2,75,69
gpt-4o-mini-f2,man,first,20,5,25
gpt-4o-mini-f2,man,second,67,85,85
gpt-4o-mini-f2,man,third,19,67,62
gpt-4o-mini-f2,mass_spring_damper,first,76,14,34
gpt-4o-mini-f2,mass_spring_damper,second,68,90,83
gpt-4o-mini-f2,mass_spring_damper,third,27,90,80
gpt-4o-mini-f2,particles,first,17,0,27
gpt-4o-mini-f2,particles,second,75,82,68
gpt-4o-mini-f2,particles,third,42,80,70
gpt-4o-mini-f2,pendulum,first,37,32,37
gpt-4o-mini-f2,pendulum,second,22,90,78
gpt-4o-mini-f2,pendulum,third,39,98,90
gpt-4o-mini-f2,rigid_highway,first,52,67,69
gpt-4o-mini-f2,rigid_highway,second,72,96,85
gpt-4o-mini-f2,rigid_highway,third,78,90,77
gpt-4o-mini-f2,rigid_multipatches,first,32,32,27
gpt-4o-mini-f2,rigid_multipatches,second,14,90,80
gpt-4o-mini-f2,rigid_multipatches,third,34,90,80
gpt-4o-mini-f2,rotor,first,62,0,25
gpt-4o-mini-f2,rotor,second,47,73,83
gpt-4o-mini-f2,rotor,third,53,72,67
gpt-4o-mini-f2,scm,first,32,0,17
gpt-4o-mini-f2,scm,second,68,67,54
gpt-4o-mini-f2,scm,third,12,57,12
gpt-4o-mini-f2,scm_hill,first,22,14,34
gpt-4o-mini-f2,scm_hill,second,12,40,82
gpt-4o-mini-f2,scm_hill,third,58,90,92
gpt-4o-mini-f2,sedan,first,15,25,25
gpt-4o-mini-f2,sedan,second,42,80,80
gpt-4o-mini-f2,sedan,third,12,14,37
gpt-4o-mini-f2,sensros,first,59,0,20
gpt-4o-mini-f2,sensros,second,19,83,80
gpt-4o-mini-f2,sensros,third,42,75,75
gpt-4o-mini-f2,slider_crank,first,79,27,49
gpt-4o-mini-f2,slider_crank,second,39,69,79
gpt-4o-mini-f2,slider_crank,third,47,72,77
gpt-4o-mini-f2,tablecloth,second,59,71,54
gpt-4o-mini-f2,tablecloth,third,12,65,27
gpt-4o-mini-f2,turtlebot,first,72,24,22
gpt-4o-mini-f2,turtlebot,second,80,42,92
gpt-4o-mini-f2,turtlebot,third,57,12,30
gpt-4o-mini-f2,uazbus,first,39,12,34
gpt-4o-mini-f2,uazbus,second,12,85,85
gpt-4o-mini-f2,uazbus,third,14,90,77
gpt-4o-mini-f2,vehros,first,35,42,42
gpt-4o-mini-f2,vehros,second,57,72,68
gpt-4o-mini-f2,vehros,third,49,27,27
gpt-4o-mini-f2,veh_app,first,12,0,0
gpt-4o-mini-f2,veh_app,second,12,50,90
gpt-4o-mini-f2,veh_app,third,12,64,77
gpt-4o-mini-f2,viper,first,37,0,19
gpt-4o-mini-f2,viper,second,52,90,82
gpt-4o-mini-f2,viper,third,72,12,39
llama-3.1-405b-instruct,art,first,17,0,12
llama-3.1-405b-instruct,art,second,12,84,85
llama-3.1-405b-instruct,art,third,88,90,90
llama-3.1-405b-instruct,beam,first,32,2,7
llama-3.1-405b-instruct,beam,second,79,57,69
llama-3.1-405b-instruct,beam,third,52,83,78
llama-3.1-405b-instruct,buckling,first,72,12,15
llama-3.1-405b-instruct,buckling,second,17,69,72
llama-3.1-405b-instruct,buckling,third,44,12,57
llama-3.1-405b-instruct,cable,first,47,2,20
llama-3.1-405b-instruct,cable,second,60,72,77
llama-3.1-405b-instruct,cable,third,79,24,35
llama-3.1-405b-instruct,camera,first,7,12,7
llama-3.1-405b-instruct,camera,second,32,57,49
llama-3.1-405b-instruct,camera,third,17,30,27
llama-3.1-405b-instruct,citybus,first,12,20,17
llama-3.1-405b-instruct,citybus,second,32,12,32
llama-3.1-405b-instruct,citybus,third,12,65,78
llama-3.1-405b-instruct,curiosity,first,0,40,12
llama-3.1-405b-instruct,curiosity,second,47,57,62
llama-3.1-405b-instruct,curiosity,third,32,42,37
llama-3.1-405b-instruct,feda,first,19,0,17
llama-3.1-405b-instruct,feda,second,81,29,42
llama-3.1-405b-instruct,feda,third,20,27,39
llama-3.1-405b-instruct,gator,first,12,20,17
llama-3.1-405b-instruct,gator,second,12,54,32
llama-3.1-405b-instruct,gator,third,67,80,77
llama-3.1-405b-instruct,gear,first,32,27,12
llama-3.1-405b-instruct,gear,second,37,78,73
llama-3.1-405b-instruct,gear,third,47,44,54
llama-3.1-405b-instruct,gps_imu,first,12,20,7
llama-3.1-405b-instruct,gps_imu,second,17,12,29
llama-3.1-405b-instruct,gps_imu,third,12,72,69
llama-3.1-405b-instruct,handler,first,17,0,12
llama-3.1-405b-instruct,handler,second,62,75,75
llama-3.1-405b-instruct,handler,third,84,7,20
llama-3.1-405b-instruct,hmmwv,first,5,0,22
llama-3.1-405b-instruct,hmmwv,second,87,22,37
llama-3.1-405b-instruct,hmmwv,third,74,29,42
llama-3.1-405b-instruct,kraz,first,27,25,7
llama-3.1-405b-instruct,kraz,second,12,37,77
llama-3.1-405b-instruct,kraz,third,12,2,27
llama-3.1-405b-instruct,lidar,first,17,20,27
llama-3.1-405b-instruct,lidar,second,12,20,42
llama-3.1-405b-instruct,lidar,third,17,17,27
llama-3.1-405b-instruct,m113,first,70,7,25
llama-3.1-405b-instruct,m113,second,12,37,12
llama-3.1-405b-instruct,m113,third,12,37,27
llama-3.1-405b-instruct,man,first,35,30,0
llama-3.1-405b-instruct,man,second,12,70,54
llama-3.1-405b-instruct,man,third,80,37,54
llama-3.1-405b-instruct,mass_spring_damper,first,49,10,20
llama-3.1-405b-instruct,mass_spring_damper,second,35,68,60
llama-3.1-405b-instruct,mass_spring_damper,third,75,54,37
llama-3.1-405b-instruct,particles,first,27,10,27
llama-3.1-405b-instruct,particles,second,68,53,75
llama-3.1-405b-instruct,particles,third,64,67,58
llama-3.1-405b-instruct,pendulum,first,58,0,15
llama-3.1-405b-instruct,pendulum,second,47,46,37
llama-3.1-405b-instruct,pendulum,third,75,53,65
llama-3.1-405b-instruct,rigid_highway,first,24,0,7
llama-3.1-405b-instruct,rigid_highway,second,67,72,75
llama-3.1-405b-instruct,rigid_highway,third,54,77,77
llama-3.1-405b-instruct,rigid_multipatches,first,14,2,15
llama-3.1-405b-instruct,rigid_multipatches,second,24,12,12
llama-3.1-405b-instruct,rigid_multipatches,third,19,70,67
llama-3.1-405b-instruct,rotor,first,0,15,25
llama-3.1-405b-instruct,rotor,second,72,90,68
llama-3.1-405b-instruct,rotor,third,73,12,40
llama-3.1-405b-instruct,scm,first,79,0,12
llama-3.1-405b-instruct,scm,second,12,56,64
llama-3.1-405b-instruct,scm,third,12,27,37
llama-3.1-405b-instruct,scm_hill,first,29,10,25
llama-3.1-405b-instruct,scm_hill,second,12,27,37
llama-3.1-405b-instruct,scm_hill,third,12,27,32
llama-3.1-405b-instruct,sedan,first,50,17,0
llama-3.1-405b-instruct,sedan,second,27,30,37
llama-3.1-405b-instruct,sedan,third,22,7,25
llama-3.1-405b-instruct,sensros,first,2,0,27
llama-3.1-405b-instruct,sensros,second,20,12,49
llama-3.1-405b-instruct,sensros,third,17,75,69
llama-3.1-405b-instruct,slider_crank,first,87,0,22
llama-3.1-405b-instruct,slider_crank,second,50,74,67
llama-3.1-405b-instruct,slider_crank,third,69,44,55
llama-3.1-405b-instruct,tablecloth,first,14,15,32
llama-3.1-405b-instruct,tablecloth,second,52,14,31
llama-3.1-405b-instruct,tablecloth,third,65,32,42
llama-3.1-405b-instruct,turtlebot,first,37,0,12
llama-3.1-405b-instruct,turtlebot,second,62,57,61
llama-3.1-405b-instruct,turtlebot,third,59,27,33
llama-3.1-405b-instruct,uazbus,first,44,25,27
llama-3.1-405b-instruct,uazbus,second,32,55,70
llama-3.1-405b-instruct,uazbus,third,27,29,37
llama-3.1-405b-instruct,vehros,first,20,0,5
llama-3.1-405b-instruct,vehros,second,28,45,30
llama-3.1-405b-instruct,vehros,third,84,27,30
llama-3.1-405b-instruct,veh_app,first,12,2,20
llama-3.1-405b-instruct,veh_app,second,82,12,19
llama-3.1-405b-instruct,veh_app,third,7,54,74
llama-3.1-405b-instruct,viper,first,27,0,27
llama-3.1-405b-instruct,viper,second,50,87,77
llama-3.1-405b-instruct,viper,third,27,0,24
llama-3.1-70b-instruct,art,first,68,20,20
llama-3.1-70b-instruct,art,second,62,90,90
llama-3.1-70b-instruct,art,third,77,88,90
llama-3.1-70b-instruct,beam,first,54,0,12
llama-3.1-70b-instruct,beam,second,55,70,83
llama-3.1-70b-instruct,beam,third,17,68,75
llama-3.1-70b-instruct,buckling,first,42,4,17
llama-3.1-70b-instruct,buckling,second,47,69,69
llama-3.1-70b-instruct,buckling,third,12,19,24
llama-3.1-70b-instruct,cable,first,37,20,12
llama-3.1-70b-instruct,cable,second,65,80,77
llama-3.1-70b-instruct,cable,third,39,12,57
llama-3.1-70b-instruct,camera,first,60,15,27
llama-3.1-70b-instruct,camera,second,22,62,47
llama-3.1-70b-instruct,camera,third,27,40,27
llama-3.1-70b-instruct,citybus,first,31,25,30
llama-3.1-70b-instruct,citybus,second,82,12,59
llama-3.1-70b-instruct,citybus,third,14,93,87
llama-3.1-70b-instruct,curiosity,first,0,5,90
llama-3.1-70b-instruct,curiosity,second,65,32,52
llama-3.1-70b-instruct,curiosity,third,67,52,35
llama-3.1-70b-instruct,feda,first,20,27,27
llama-3.1-70b-instruct,feda,second,12,16,22
llama-3.1-70b-instruct,gator,first,87,7,27
llama-3.1-70b-instruct,gator,second,42,12,42
llama-3.1-70b-instruct,gator,third,12,73,69
llama-3.1-70b-instruct,gear,first,30,0,25
llama-3.1-70b-instruct,gear,second,57,85,74
llama-3.1-70b-instruct,gear,third,64,54,54
llama-3.1-70b-instruct,gps_imu,first,27,10,25
llama-3.1-70b-instruct,gps_imu,second,37,52,67
llama-3.1-70b-instruct,gps_imu,third,40,74,69
llama-3.1-70b-instruct,handler,first,12,0,22
llama-3.1-70b-instruct,handler,second,42,70,91
llama-3.1-70b-instruct,handler,third,77,30,7
llama-3.1-70b-instruct,hmmwv,first,64,0,2
llama-3.1-70b-instruct,hmmwv,second,74,25,35
llama-3.1-70b-instruct,hmmwv,third,75,37,37
llama-3.1-70b-instruct,kraz,first,37,0,27
llama-3.1-70b-instruct,kraz,second,12,55,64
llama-3.1-70b-instruct,kraz,third,12,0,25
llama-3.1-70b-instruct,lidar,first,49,22,0
llama-3.1-70b-instruct,lidar,second,12,27,35
llama-3.1-70b-instruct,lidar,third,32,0,25
llama-3.1-70b-instruct,m113,first,7,27,2
llama-3.1-70b-instruct,m113,second,12,29,37
llama-3.1-70b-instruct,m113,third,12,27,32
llama-3.1-70b-instruct,man,first,77,25,34
llama-3.1-70b-instruct,man,second,5,60,68
llama-3.1-70b-instruct,man,third,74,32,32
llama-3.1-70b-instruct,mass_spring_damper,first,17,17,27
llama-3.1-70b-instruct,mass_spring_damper,second,84,45,54
llama-3.1-70b-instruct,mass_spring_damper,third,90,38,17
llama-3.1-70b-instruct,particles,first,40,0,32
llama-3.1-70b-instruct,particles,second,57,68,67
llama-3.1-70b-instruct,particles,third,34,62,63
llama-3.1-70b-instruct,pendulum,first,22,0,10
llama-3.1-70b-instruct,pendulum,second,42,14,35
llama-3.1-70b-instruct,pendulum,third,37,2,17
llama-3.1-70b-instruct,rigid_highway,first,45,2,7
llama-3.1-70b-instruct,rigid_highway,second,83,62,67
llama-3.1-70b-instruct,rigid_highway,third,12,82,77
llama-3.1-70b-instruct,rigid_multipatches,first,32,22,0
llama-3.1-70b-instruct,rigid_multipatches,second,12,27,25
llama-3.1-70b-instruct,rigid_multipatches,third,74,74,72
llama-3.1-70b-instruct,rotor,first,2,17,17
llama-3.1-70b-instruct,rotor,second,57,55,60
llama-3.1-70b-instruct,rotor,third,69,34,55
llama-3.1-70b-instruct,scm,first,22,27,25
llama-3.1-70b-instruct,scm,second,12,44,54
llama-3.1-70b-instruct,scm,third,85,30,37
llama-3.1-70b-instruct,scm_hill,first,12,2,17
llama-3.1-70b-instruct,scm_hill,second,27,27,37
llama-3.1-70b-instruct,scm_hill,third,77,12,39
llama-3.1-70b-instruct,sedan,first,40,0,40
llama-3.1-70b-instruct,sedan,second,37,29,25
llama-3.1-70b-instruct,sedan,third,27,2,27
llama-3.1-70b-instruct,sensros,first,37,25,30
llama-3.1-70b-instruct,sensros,second,32,15,9
llama-3.1-70b-instruct,sensros,third,12,70,70
llama-3.1-70b-instruct,slider_crank,first,0,17,10
llama-3.1-70b-instruct,slider_crank,second,44,64,37
llama-3.1-70b-instruct,slider_crank,third,54,57,57
llama-3.1-70b-instruct,tablecloth,first,12,12,27
llama-3.1-70b-instruct,tablecloth,second,12,56,46
llama-3.1-70b-instruct,tablecloth,third,88,57,40
llama-3.1-70b-instruct,turtlebot,first,4,19,20
llama-3.1-70b-instruct,turtlebot,second,62,66,71
llama-3.1-70b-instruct,turtlebot,third,32,12,33
llama-3.1-70b-instruct,uazbus,first,52,2,2
llama-3.1-70b-instruct,uazbus,second,22,65,62
llama-3.1-70b-instruct,uazbus,third,12,32,49
llama-3.1-70b-instruct,vehros,first,47,0,15
llama-3.1-70b-instruct,vehros,second,37,40,15
llama-3.1-70b-instruct,vehros,third,75,27,27
llama-3.1-70b-instruct,veh_app,first,19,12,2
llama-3.1-70b-instruct,veh_app,second,12,20,27
llama-3.1-70b-instruct,veh_app,third,12,64,67
llama-3.1-70b-instruct,viper,first,20,0,20
llama-3.1-70b-instruct,viper,second,58,82,67
llama-3.1-70b-instruct,viper,third,52,15,37
llama-3.1-8b-instruct,art,first,25,5,15
llama-3.1-8b-instruct,art,second,57,87,90
llama-3.1-8b-instruct,art,third,12,80,75
llama-3.1-8b-instruct,beam,first,20,10,19
llama-3.1-8b-instruct,beam,second,32,69,67
llama-3.1-8b-instruct,beam,third,68,73,72
llama-3.1-8b-instruct,buckling,first,25,7,12
llama-3.1-8b-instruct,buckling,second,50,57,72
llama-3.1-8b-instruct,buckling,third,17,22,42
llama-3.1-8b-instruct,cable,first,12,25,15
llama-3.1-8b-instruct,cable,second,78,57,62
llama-3.1-8b-instruct,cable,third,27,25,22
llama-3.1-8b-instruct,camera,first,12,0,15
llama-3.1-8b-instruct,camera,second,22,62,52
llama-3.1-8b-instruct,camera,third,0,0,12
llama-3.1-8b-instruct,citybus,first,0,10,20
llama-3.1-8b-instruct,citybus,second,12,12,39
llama-3.1-8b-instruct,citybus,third,12,75,80
llama-3.1-8b-instruct,curiosity,first,15,40,50
llama-3.1-8b-instruct,curiosity,second,69,62,59
llama-3.1-8b-instruct,curiosity,third,75,40,49
llama-3.1-8b-instruct,feda,first,5,15,17
llama-3.1-8b-instruct,feda,second,88,22,39
llama-3.1-8b-instruct,feda,third,17,22,37
llama-3.1-8b-instruct,gator,first,14,7,12
llama-3.1-8b-instruct,gator,second,22,2,22
llama-3.1-8b-instruct,gator,third,12,80,72
llama-3.1-8b-instruct,gear,first,12,15,7
llama-3.1-8b-instruct,gear,second,70,80,83
llama-3.1-8b-instruct,gear,third,42,32,42
llama-3.1-8b-instruct,gps_imu,first,2,10,25
llama-3.1-8b-instruct,gps_imu,second,82,14,70
llama-3.1-8b-instruct,gps_imu,third,27,62,82
llama-3.1-8b-instruct,handler,first,12,10,15
llama-3.1-8b-instruct,handler,second,62,72,60
llama-3.1-8b-instruct,handler,third,72,17,30
llama-3.1-8b-instruct,hmmwv,second,39,12,35
llama-3.1-8b-instruct,hmmwv,third,12,37,44
llama-3.1-8b-instruct,kraz,first,12,20,7
llama-3.1-8b-instruct,kraz,second,70,59,68
llama-3.1-8b-instruct,kraz,third,12,20,25
llama-3.1-8b-instruct,lidar,first,2,0,0
llama-3.1-8b-instruct,lidar,second,25,12,12
llama-3.1-8b-instruct,lidar,third,30,7,7
llama-3.1-8b-instruct,m113,first,12,0,17
llama-3.1-8b-instruct,m113,second,12,1,37
llama-3.1-8b-instruct,m113,third,90,40,27
llama-3.1-8b-instruct,man,first,10,0,0
llama-3.1-8b-instruct,man,second,12,12,44
llama-3.1-8b-instruct,man,third,12,27,27
llama-3.1-8b-instruct,mass_spring_damper,first,22,0,25
llama-3.1-8b-instruct,mass_spring_damper,second,84,64,60
llama-3.1-8b-instruct,mass_spring_damper,third,12,23,53
llama-3.1-8b-instruct,particles,first,5,5,7
llama-3.1-8b-instruct,particles,second,73,63,70
llama-3.1-8b-instruct,particles,third,63,40,69
llama-3.1-8b-instruct,pendulum,first,0,0,0
llama-3.1-8b-instruct,pendulum,second,86,57,54
llama-3.1-8b-instruct,pendulum,third,75,22,28
llama-3.1-8b-instruct,rigid_highway,first,20,0,27
llama-3.1-8b-instruct,rigid_highway,second,12,67,75
llama-3.1-8b-instruct,rigid_highway,third,80,85,77
llama-3.1-8b-instruct,rigid_multipatches,first,12,0,17
llama-3.1-8b-instruct,rigid_multipatches,second,75,37,52
llama-3.1-8b-instruct,rigid_multipatches,third,70,58,64
llama-3.1-8b-instruct,rotor,first,24,5,7
llama-3.1-8b-instruct,rotor,second,62,59,59
llama-3.1-8b-instruct,rotor,third,17,39,49
llama-3.1-8b-instruct,scm,first,45,10,17
llama-3.1-8b-instruct,scm,second,22,25,12
llama-3.1-8b-instruct,scm,third,12,35,37
llama-3.1-8b-instruct,scm_hill,first,12,20,15
llama-3.1-8b-instruct,scm_hill,second,25,0,17
llama-3.1-8b-instruct,scm_hill,third,80,29,42
llama-3.1-8b-instruct,sedan,first,30,55,65
llama-3.1-8b-instruct,sedan,second,7,15,30
llama-3.1-8b-instruct,sedan,third,73,27,14
llama-3.1-8b-instruct,sensros,first,0,0,12
llama-3.1-8b-instruct,sensros,second,37,27,47
llama-3.1-8b-instruct,sensros,third,83,72,69
llama-3.1-8b-instruct,slider_crank,first,0,0,10
llama-3.1-8b-instruct,slider_crank,second,74,64,54
llama-3.1-8b-instruct,slider_crank,third,32,48,37
llama-3.1-8b-instruct,tablecloth,first,20,17,10
llama-3.1-8b-instruct,tablecloth,second,64,62,72
llama-3.1-8b-instruct,tablecloth,third,12,62,60
llama-3.1-8b-instruct,turtlebot,first,27,20,7
llama-3.1-8b-instruct,turtlebot,second,37,62,67
llama-3.1-8b-instruct,turtlebot,third,7,25,10
llama-3.1-8b-instruct,uazbus,first,22,0,2
llama-3.1-8b-instruct,uazbus,second,87,74,78
llama-3.1-8b-instruct,uazbus,third,48,42,34
llama-3.1-8b-instruct,vehros,first,12,15,10
llama-3.1-8b-instruct,vehros,second,74,10,40
llama-3.1-8b-instruct,vehros,third,48,29,32
llama-3.1-8b-instruct,veh_app,first,7,12,25
llama-3.1-8b-instruct,veh_app,second,22,34,37
llama-3.1-8b-instruct,veh_app,third,12,25,42
llama-3.1-8b-instruct,viper,first,22,15,0
llama-3.1-8b-instruct,viper,second,88,82,77
llama-3.1-8b-instruct,viper,third,58,12,37
mamba-codestral-7b-v0.1,art,first,2,10,7
mamba-codestral-7b-v0.1,art,second,12,90,90
mamba-codestral-7b-v0.1,art,third,12,90,90
mamba-codestral-7b-v0.1,beam,first,17,25,0
mamba-codestral-7b-v0.1,beam,second,27,45,25
mamba-codestral-7b-v0.1,beam,third,40,37,45
mamba-codestral-7b-v0.1,buckling,first,19,7,10
mamba-codestral-7b-v0.1,buckling,second,40,10,35
mamba-codestral-7b-v0.1,buckling,third,27,15,0
mamba-codestral-7b-v0.1,cable,first,25,29,7
mamba-codestral-7b-v0.1,cable,second,67,78,72
mamba-codestral-7b-v0.1,cable,third,25,12,25
mamba-codestral-7b-v0.1,camera,first,52,7,15
mamba-codestral-7b-v0.1,camera,second,27,12,12
mamba-codestral-7b-v0.1,camera,third,9,20,32
mamba-codestral-7b-v0.1,citybus,first,17,7,15
mamba-codestral-7b-v0.1,citybus,second,0,20,0
mamba-codestral-7b-v0.1,citybus,third,57,65,73
mamba-codestral-7b-v0.1,curiosity,first,30,27,25
mamba-codestral-7b-v0.1,curiosity,second,62,68,58
mamba-codestral-7b-v0.1,curiosity,third,48,7,43
mamba-codestral-7b-v0.1,feda,first,0,0,25
mamba-codestral-7b-v0.1,feda,second,19,62,62
mamba-codestral-7b-v0.1,feda,third,2,52,29
mamba-codestral-7b-v0.1,gator,first,27,25,25
mamba-codestral-7b-v0.1,gator,second,47,20,44
mamba-codestral-7b-v0.1,gator,third,7,27,0
mamba-codestral-7b-v0.1,gear,first,39,17,24
mamba-codestral-7b-v0.1,gear,second,15,25,17
mamba-codestral-7b-v0.1,gear,third,15,15,12
mamba-codestral-7b-v0.1,gps_imu,first,27,15,2
mamba-codestral-7b-v0.1,gps_imu,second,5,22,0
mamba-codestral-7b-v0.1,gps_imu,third,30,40,17
mamba-codestral-7b-v0.1,handler,first,25,25,20
mamba-codestral-7b-v0.1,handler,second,62,75,55
mamba-codestral-7b-v0.1,handler,third,80,27,30
mamba-codestral-7b-v0.1,hmmwv,first,10,0,7
mamba-codestral-7b-v0.1,hmmwv,second,14,47,44
mamba-codestral-7b-v0.1,hmmwv,third,54,63,74
mamba-codestral-7b-v0.1,kraz,first,22,12,7
mamba-codestral-7b-v0.1,kraz,second,17,54,80
mamba-codestral-7b-v0.1,kraz,third,20,0,22
mamba-codestral-7b-v0.1,lidar,first,12,9,15
mamba-codestral-7b-v0.1,lidar,second,17,35,39
mamba-codestral-7b-v0.1,lidar,third,27,15,0
mamba-codestral-7b-v0.1,m113,first,25,10,7
mamba-codestral-7b-v0.1,m113,second,25,25,25
mamba-codestral-7b-v0.1,m113,third,2,52,47
mamba-codestral-7b-v0.1,man,first,45,25,37
mamba-codestral-7b-v0.1,man,second,12,0,44
mamba-codestral-7b-v0.1,man,third,12,42,39
mamba-codestral-7b-v0.1,mass_spring_damper,first,30,20,25
mamba-codestral-7b-v0.1,mass_spring_damper,second,48,30,27
mamba-codestral-7b-v0.1,mass_spring_damper,third,17,59,34
mamba-codestral-7b-v0.1,particles,first,10,0,0
mamba-codestral-7b-v0.1,particles,second,27,73,73
mamba-codestral-7b-v0.1,particles,third,37,14,88
mamba-codestral-7b-v0.1,pendulum,first,32,0,25
mamba-codestral-7b-v0.1,pendulum,second,52,50,55
mamba-codestral-7b-v0.1,pendulum,third,74,27,40
mamba-codestral-7b-v0.1,rigid_highway,first,27,7,15
mamba-codestral-7b-v0.1,rigid_highway,second,17,93,82
mamba-codestral-7b-v0.1,rigid_highway,third,22,85,85
mamba-codestral-7b-v0.1,rigid_multipatches,first,25,10,7
mamba-codestral-7b-v0.1,rigid_multipatches,second,19,65,67
mamba-codestral-7b-v0.1,rigid_multipatches,third,27,32,25
mamba-codestral-7b-v0.1,rotor,first,0,10,17
mamba-codestral-7b-v0.1,rotor,second,67,54,60
mamba-codestral-7b-v0.1,rotor,third,52,45,57
mamba-codestral-7b-v0.1,scm,first,2,20,7
mamba-codestral-7b-v0.1,scm,second,24,30,12
mamba-codestral-7b-v0.1,scm,third,2,30,50
mamba-codestral-7b-v0.1,scm_hill,first,17,12,2
mamba-codestral-7b-v0.1,scm_hill,second,60,12,35
mamba-codestral-7b-v0.1,scm_hill,third,44,52,57
mamba-codestral-7b-v0.1,sedan,first,14,20,10
mamba-codestral-7b-v0.1,sedan,second,12,25,35
mamba-codestral-7b-v0.1,sedan,third,4,0,37
mamba-codestral-7b-v0.1,sensros,first,12,10,22
mamba-codestral-7b-v0.1,sensros,second,12,32,19
mamba-codestral-7b-v0.1,sensros,third,7,0,0
mamba-codestral-7b-v0.1,slider_crank,first,29,12,10
mamba-codestral-7b-v0.1,slider_crank,second,46,64,64
mamba-codestral-7b-v0.1,slider_crank,third,59,78,72
mamba-codestral-7b-v0.1,tablecloth,first,44,0,32
mamba-codestral-7b-v0.1,tablecloth,second,27,61,67
mamba-codestral-7b-v0.1,tablecloth,third,27,22,0
mamba-codestral-7b-v0.1,turtlebot,first,15,0,15
mamba-codestral-7b-v0.1,turtlebot,second,64,60,59
mamba-codestral-7b-v0.1,turtlebot,third,50,12,17
mamba-codestral-7b-v0.1,uazbus,first,12,0,17
mamba-codestral-7b-v0.1,uazbus,second,27,62,52
mamba-codestral-7b-v0.1,uazbus,third,15,10,5
mamba-codestral-7b-v0.1,vehros,first,30,0,0
mamba-codestral-7b-v0.1,vehros,second,12,25,15
mamba-codestral-7b-v0.1,vehros,third,12,0,29
mamba-codestral-7b-v0.1,veh_app,first,20,10,25
mamba-codestral-7b-v0.1,veh_app,second,98,19,22
mamba-codestral-7b-v0.1,veh_app,third,10,40,35
mamba-codestral-7b-v0.1,viper,first,20,17,10
mamba-codestral-7b-v0.1,viper,second,69,58,63
mamba-codestral-7b-v0.1,viper,third,42,17,42
mistral-large-latest,art,first,27,27,12
mistral-large-latest,art,second,32,90,90
mistral-large-latest,art,third,77,63,83
mistral-large-latest,beam,first,19,15,2
mistral-large-latest,beam,second,69,68,58
mistral-large-latest,beam,third,50,57,77
mistral-large-latest,buckling,first,24,27,17
mistral-large-latest,buckling,second,12,49,54
mistral-large-latest,buckling,third,57,27,0
mistral-large-latest,cable,first,47,25,20
mistral-large-latest,cable,second,26,83,81
mistral-large-latest,cable,third,17,25,32
mistral-large-latest,camera,first,52,15,27
mistral-large-latest,camera,second,27,49,14
mistral-large-latest,camera,third,88,20,0
mistral-large-latest,citybus,first,12,17,27
mistral-large-latest,citybus,second,57,47,34
mistral-large-latest,citybus,third,42,55,29
mistral-large-latest,curiosity,first,39,27,27
mistral-large-latest,curiosity,second,49,47,67
mistral-large-latest,curiosity,third,29,42,42
mistral-large-latest,feda,first,34,0,20
mistral-large-latest,feda,second,52,34,67
mistral-large-latest,feda,third,12,15,52
mistral-large-latest,gator,first,14,0,22
mistral-large-latest,gator,second,39,39,12
mistral-large-latest,gator,third,87,67,49
mistral-large-latest,gear,first,70,17,12
mistral-large-latest,gear,second,49,57,57
mistral-large-latest,gear,third,42,77,57
mistral-large-latest,gps_imu,first,62,12,27
mistral-large-latest,gps_imu,second,77,39,47
mistral-large-latest,gps_imu,third,12,57,54
mistral-large-latest,handler,first,37,0,30
mistral-large-latest,handler,second,35,60,65
mistral-large-latest,handler,third,39,22,30
mistral-large-latest,hmmwv,first,72,0,0
mistral-large-latest,hmmwv,second,74,2,32
mistral-large-latest,kraz,first,12,0,37
mistral-large-latest,kraz,second,57,59,67
mistral-large-latest,kraz,third,86,22,25
mistral-large-latest,lidar,first,22,0,27
mistral-large-latest,lidar,second,0,27,37
mistral-large-latest,lidar,third,25,0,2
mistral-large-latest,m113,first,54,0,19
mistral-large-latest,m113,second,47,40,34
mistral-large-latest,m113,third,69,32,34
mistral-large-latest,man,first,68,20,27
mistral-large-latest,man,second,72,65,19
mistral-large-latest,man,third,34,14,27
mistral-large-latest,mass_spring_damper,first,42,29,20
mistral-large-latest,mass_spring_damper,second,52,54,69
mistral-large-latest,mass_spring_damper,third,45,37,37
mistral-large-latest,particles,first,47,17,32
mistral-large-latest,particles,second,64,57,67
mistral-large-latest,particles,third,42,70,63
mistral-large-latest,pendulum,first,42,5,20
mistral-large-latest,pendulum,second,22,19,38
mistral-large-latest,pendulum,third,57,14,32
mistral-large-latest,rigid_highway,first,52,0,27
mistral-large-latest,rigid_highway,second,39,74,67
mistral-large-latest,rigid_highway,third,22,77,80
mistral-large-latest,rigid_multipatches,first,12,0,24
mistral-large-latest,rigid_multipatches,second,19,34,37
mistral-large-latest,rigid_multipatches,third,12,67,67
mistral-large-latest,rotor,first,52,12,0
mistral-large-latest,rotor,second,83,77,77
mistral-large-latest,rotor,third,12,49,54
mistral-large-latest,scm,first,42,0,20
mistral-large-latest,scm,second,17,27,64
mistral-large-latest,scm,third,84,25,35
mistral-large-latest,scm_hill,first,64,20,22
mistral-large-latest,scm_hill,second,12,20,42
mistral-large-latest,scm_hill,third,12,49,57
mistral-large-latest,sedan,first,84,47,14
mistral-large-latest,sedan,second,22,12,29
mistral-large-latest,sedan,third,82,12,25
mistral-large-latest,sensros,first,49,0,25
mistral-large-latest,sensros,second,62,22,12
mistral-large-latest,sensros,third,12,59,57
mistral-large-latest,slider_crank,first,85,22,39
mistral-large-latest,slider_crank,second,52,54,69
mistral-large-latest,slider_crank,third,44,45,27
mistral-large-latest,tablecloth,first,82,22,12
mistral-large-latest,tablecloth,second,12,11,69
mistral-large-latest,tablecloth,third,12,52,62
mistral-large-latest,turtlebot,first,12,0,22
mistral-large-latest,turtlebot,second,69,71,57
mistral-large-latest,turtlebot,third,42,32,29
mistral-large-latest,uazbus,first,62,0,12
mistral-large-latest,uazbus,second,67,54,52
mistral-large-latest,uazbus,third,58,54,32
mistral-large-latest,vehros,first,27,0,17
mistral-large-latest,vehros,second,50,60,50
mistral-large-latest,vehros,third,75,35,40
mistral-large-latest,veh_app,first,12,27,25
mistral-large-latest,veh_app,second,12,7,44
mistral-large-latest,veh_app,third,35,50,2
mistral-large-latest,viper,first,64,22,22
mistral-large-latest,viper,second,84,84,83
mistral-large-latest,viper,third,50,29,44
mistral-nemo-12b-instruct,art,first,14,0,17
mistral-nemo-12b-instruct,art,second,25,20,12
mistral-nemo-12b-instruct,art,third,39,90,90
mistral-nemo-12b-instruct,beam,first,47,30,17
mistral-nemo-12b-instruct,beam,second,32,65,73
mistral-nemo-12b-instruct,beam,third,80,85,69
mistral-nemo-12b-instruct,buckling,first,24,12,22
mistral-nemo-12b-instruct,buckling,second,95,67,59
mistral-nemo-12b-instruct,buckling,third,42,25,29
mistral-nemo-12b-instruct,cable,first,25,10,27
mistral-nemo-12b-instruct,cable,second,60,75,86
mistral-nemo-12b-instruct,cable,third,42,32,27
mistral-nemo-12b-instruct,camera,first,20,0,20
mistral-nemo-12b-instruct,camera,second,12,67,68
mistral-nemo-12b-instruct,camera,third,88,2,25
mistral-nemo-12b-instruct,citybus,first,20,12,7
mistral-nemo-12b-instruct,citybus,second,52,25,37
mistral-nemo-12b-instruct,citybus,third,42,30,40
mistral-nemo-12b-instruct,curiosity,first,30,15,15
mistral-nemo-12b-instruct,curiosity,second,75,52,27
mistral-nemo-12b-instruct,curiosity,third,42,19,59
mistral-nemo-12b-instruct,feda,first,22,0,7
mistral-nemo-12b-instruct,feda,second,12,2,24
mistral-nemo-12b-instruct,feda,third,17,12,12
mistral-nemo-12b-instruct,gator,first,17,15,15
mistral-nemo-12b-instruct,gator,second,12,25,35
mistral-nemo-12b-instruct,gator,third,15,81,80
mistral-nemo-12b-instruct,gear,first,93,17,34
mistral-nemo-12b-instruct,gear,second,69,78,80
mistral-nemo-12b-instruct,gear,third,42,37,64
mistral-nemo-12b-instruct,gps_imu,first,14,0,27
mistral-nemo-12b-instruct,gps_imu,second,57,52,41
mistral-nemo-12b-instruct,gps_imu,third,32,74,77
mistral-nemo-12b-instruct,handler,first,17,20,42
mistral-nemo-12b-instruct,handler,second,20,15,10
mistral-nemo-12b-instruct,handler,third,82,14,30
mistral-nemo-12b-instruct,hmmwv,first,60,40,10
mistral-nemo-12b-instruct,hmmwv,second,24,25,27
mistral-nemo-12b-instruct,hmmwv,third,78,69,49
mistral-nemo-12b-instruct,kraz,first,32,0,2
mistral-nemo-12b-instruct,kraz,second,42,37,47
mistral-nemo-12b-instruct,kraz,third,57,35,0
mistral-nemo-12b-instruct,lidar,first,0,0,27
mistral-nemo-12b-instruct,lidar,second,12,20,32
mistral-nemo-12b-instruct,lidar,third,20,0,2
mistral-nemo-12b-instruct,m113,first,12,20,25
mistral-nemo-12b-instruct,m113,second,12,34,54
mistral-nemo-12b-instruct,m113,third,12,12,37
mistral-nemo-12b-instruct,man,first,32,10,22
mistral-nemo-12b-instruct,man,second,17,17,35
mistral-nemo-12b-instruct,man,third,12,29,40
mistral-nemo-12b-instruct,mass_spring_damper,first,37,22,25
mistral-nemo-12b-instruct,mass_spring_damper,second,49,50,50
mistral-nemo-12b-instruct,mass_spring_damper,third,14,20,55
mistral-nemo-12b-instruct,particles,first,27,25,27
mistral-nemo-12b-instruct,particles,second,70,62,62
mistral-nemo-12b-instruct,particles,third,39,63,65
mistral-nemo-12b-instruct,pendulum,first,2,2,0
mistral-nemo-12b-instruct,pendulum,second,25,30,37
mistral-nemo-12b-instruct,pendulum,third,47,54,48
mistral-nemo-12b-instruct,rigid_highway,first,0,0,29
mistral-nemo-12b-instruct,rigid_highway,second,32,52,39
mistral-nemo-12b-instruct,rigid_highway,third,7,17,32
mistral-nemo-12b-instruct,rigid_multipatches,first,2,27,19
mistral-nemo-12b-instruct,rigid_multipatches,second,44,29,39
mistral-nemo-12b-instruct,rigid_multipatches,third,22,78,57
mistral-nemo-12b-instruct,rotor,first,0,7,12
mistral-nemo-12b-instruct,rotor,second,12,57,80
mistral-nemo-12b-instruct,rotor,third,60,29,65
mistral-nemo-12b-instruct,scm,first,0,0,15
mistral-nemo-12b-instruct,scm,second,15,15,10
mistral-nemo-12b-instruct,scm,third,12,30,25
mistral-nemo-12b-instruct,scm_hill,first,0,2,2
mistral-nemo-12b-instruct,scm_hill,second,12,0,15
mistral-nemo-12b-instruct,scm_hill,third,54,12,34
mistral-nemo-12b-instruct,sedan,first,37,17,37
mistral-nemo-12b-instruct,sedan,second,12,12,52
mistral-nemo-12b-instruct,sedan,third,12,12,39
mistral-nemo-12b-instruct,sensros,first,25,0,12
mistral-nemo-12b-instruct,sensros,second,25,14,17
mistral-nemo-12b-instruct,sensros,third,20,67,32
mistral-nemo-12b-instruct,slider_crank,first,30,17,0
mistral-nemo-12b-instruct,slider_crank,second,0,0,17
mistral-nemo-12b-instruct,slider_crank,third,59,80,62
mistral-nemo-12b-instruct,tablecloth,first,32,27,32
mistral-nemo-12b-instruct,tablecloth,second,42,12,70
mistral-nemo-12b-instruct,tablecloth,third,0,67,67
mistral-nemo-12b-instruct,turtlebot,first,22,15,42
mistral-nemo-12b-instruct,turtlebot,second,56,70,57
mistral-nemo-12b-instruct,turtlebot,third,42,29,39
mistral-nemo-12b-instruct,uazbus,first,0,0,7
mistral-nemo-12b-instruct,uazbus,second,22,65,73
mistral-nemo-12b-instruct,uazbus,third,12,42,55
mistral-nemo-12b-instruct,vehros,first,12,0,20
mistral-nemo-12b-instruct,vehros,second,87,30,40
mistral-nemo-12b-instruct,vehros,third,88,32,47
mistral-nemo-12b-instruct,veh_app,first,14,0,15
mistral-nemo-12b-instruct,veh_app,second,12,17,37
mistral-nemo-12b-instruct,veh_app,third,15,67,72
mistral-nemo-12b-instruct,viper,first,12,35,20
mistral-nemo-12b-instruct,viper,second,47,72,69
mistral-nemo-12b-instruct,viper,third,79,29,30
mixtral-8x22b-instruct-v0.1,art,first,40,25,0
mixtral-8x22b-instruct-v0.1,art,second,72,96,90
mixtral-8x22b-instruct-v0.1,art,third,42,90,90
mixtral-8x22b-instruct-v0.1,beam,first,60,25,15
mixtral-8x22b-instruct-v0.1,beam,second,57,39,45
mixtral-8x22b-instruct-v0.1,beam,third,22,63,34
mixtral-8x22b-instruct-v0.1,buckling,first,15,20,27
mixtral-8x22b-instruct-v0.1,buckling,second,12,72,67
mixtral-8x22b-instruct-v0.1,buckling,third,52,0,34
mixtral-8x22b-instruct-v0.1,cable,first,44,5,25
mixtral-8x22b-instruct-v0.1,cable,second,60,86,67
mixtral-8x22b-instruct-v0.1,cable,third,17,37,42
mixtral-8x22b-instruct-v0.1,camera,first,12,0,12
mixtral-8x22b-instruct-v0.1,camera,second,44,77,62
mixtral-8x22b-instruct-v0.1,camera,third,7,17,12
mixtral-8x22b-instruct-v0.1,citybus,first,10,20,30
mixtral-8x22b-instruct-v0.1,citybus,second,12,29,34
mixtral-8x22b-instruct-v0.1,citybus,third,12,65,65
mixtral-8x22b-instruct-v0.1,curiosity,first,42,2,15
mixtral-8x22b-instruct-v0.1,curiosity,second,27,47,60
mixtral-8x22b-instruct-v0.1,curiosity,third,27,44,55
mixtral-8x22b-instruct-v0.1,feda,first,22,0,12
mixtral-8x22b-instruct-v0.1,feda,second,12,12,32
mixtral-8x22b-instruct-v0.1,feda,third,12,37,20
mixtral-8x22b-instruct-v0.1,gator,first,30,0,22
mixtral-8x22b-instruct-v0.1,gator,second,29,15,27
mixtral-8x22b-instruct-v0.1,gator,third,86,80,80
mixtral-8x22b-instruct-v0.1,gear,first,12,27,42
mixtral-8x22b-instruct-v0.1,gear,second,60,88,88
mixtral-8x22b-instruct-v0.1,gear,third,64,62,42
mixtral-8x22b-instruct-v0.1,gps_imu,first,0,12,19
mixtral-8x22b-instruct-v0.1,gps_imu,second,78,14,67
mixtral-8x22b-instruct-v0.1,gps_imu,third,70,83,62
mixtral-8x22b-instruct-v0.1,handler,first,45,22,25
mixtral-8x22b-instruct-v0.1,handler,second,42,75,55
mixtral-8x22b-instruct-v0.1,handler,third,42,30,32
mixtral-8x22b-instruct-v0.1,hmmwv,first,47,0,47
mixtral-8x22b-instruct-v0.1,hmmwv,second,7,0,12
mixtral-8x22b-instruct-v0.1,hmmwv,third,77,55,47
mixtral-8x22b-instruct-v0.1,kraz,first,0,4,12
mixtral-8x22b-instruct-v0.1,kraz,second,57,57,50
mixtral-8x22b-instruct-v0.1,kraz,third,14,25,17
mixtral-8x22b-instruct-v0.1,lidar,first,17,12,9
mixtral-8x22b-instruct-v0.1,lidar,second,27,12,34
mixtral-8x22b-instruct-v0.1,lidar,third,7,22,24
mixtral-8x22b-instruct-v0.1,m113,first,32,15,0
mixtral-8x22b-instruct-v0.1,m113,second,27,14,32
mixtral-8x22b-instruct-v0.1,m113,third,12,57,47
mixtral-8x22b-instruct-v0.1,man,first,59,0,19
mixtral-8x22b-instruct-v0.1,man,second,42,12,54
mixtral-8x22b-instruct-v0.1,man,third,12,32,32
mixtral-8x22b-instruct-v0.1,mass_spring_damper,first,52,10,5
mixtral-8x22b-instruct-v0.1,mass_spring_damper,second,12,57,63
mixtral-8x22b-instruct-v0.1,mass_spring_damper,third,69,20,24
mixtral-8x22b-instruct-v0.1,particles,first,30,7,0
mixtral-8x22b-instruct-v0.1,particles,second,17,73,72
mixtral-8x22b-instruct-v0.1,particles,third,42,57,57
mixtral-8x22b-instruct-v0.1,pendulum,first,100,0,17
mixtral-8x22b-instruct-v0.1,pendulum,second,62,22,42
mixtral-8x22b-instruct-v0.1,pendulum,third,87,27,42
mixtral-8x22b-instruct-v0.1,rigid_highway,first,47,10,27
mixtral-8x22b-instruct-v0.1,rigid_highway,second,12,82,77
mixtral-8x22b-instruct-v0.1,rigid_highway,third,83,90,77
mixtral-8x22b-instruct-v0.1,rigid_multipatches,first,12,20,42
mixtral-8x22b-instruct-v0.1,rigid_multipatches,second,21,44,12
mixtral-8x22b-instruct-v0.1,rigid_multipatches,third,12,82,67
mixtral-8x22b-instruct-v0.1,rotor,first,10,37,0
mixtral-8x22b-instruct-v0.1,rotor,second,82,73,70
mixtral-8x22b-instruct-v0.1,rotor,third,57,50,60
mixtral-8x22b-instruct-v0.1,scm,first,30,15,47
mixtral-8x22b-instruct-v0.1,scm,second,12,32,27
mixtral-8x22b-instruct-v0.1,scm,third,12,31,52
mixtral-8x22b-instruct-v0.1,scm_hill,first,22,2,17
mixtral-8x22b-instruct-v0.1,scm_hill,second,12,52,32
mixtral-8x22b-instruct-v0.1,scm_hill,third,57,62,54
mixtral-8x22b-instruct-v0.1,sedan,first,37,8,12
mixtral-8x22b-instruct-v0.1,sedan,second,19,14,27
mixtral-8x22b-instruct-v0.1,sedan,third,12,0,12
mixtral-8x22b-instruct-v0.1,sensros,first,50,17,20
mixtral-8x22b-instruct-v0.1,sensros,second,17,34,47
mixtral-8x22b-instruct-v0.1,sensros,third,29,67,69
mixtral-8x22b-instruct-v0.1,slider_crank,first,40,20,45
mixtral-8x22b-instruct-v0.1,slider_crank,second,79,52,49
mixtral-8x22b-instruct-v0.1,slider_crank,third,79,62,73
mixtral-8x22b-instruct-v0.1,tablecloth,first,45,17,12
mixtral-8x22b-instruct-v0.1,tablecloth,second,12,34,54
mixtral-8x22b-instruct-v0.1,tablecloth,third,32,42,70
mixtral-8x22b-instruct-v0.1,turtlebot,first,55,7,17
mixtral-8x22b-instruct-v0.1,turtlebot,second,86,56,70
mixtral-8x22b-instruct-v0.1,turtlebot,third,30,7,32
mixtral-8x22b-instruct-v0.1,uazbus,first,7,0,2
mixtral-8x22b-instruct-v0.1,uazbus,second,19,67,70
mixtral-8x22b-instruct-v0.1,uazbus,third,44,27,27
mixtral-8x22b-instruct-v0.1,vehros,first,17,12,25
mixtral-8x22b-instruct-v0.1,vehros,second,77,49,42
mixtral-8x22b-instruct-v0.1,vehros,third,28,0,32
mixtral-8x22b-instruct-v0.1,veh_app,first,57,0,12
mixtral-8x22b-instruct-v0.1,veh_app,second,12,39,37
mixtral-8x22b-instruct-v0.1,veh_app,third,12,19,39
mixtral-8x22b-instruct-v0.1,viper,first,45,17,30
mixtral-8x22b-instruct-v0.1,viper,second,62,79,87
mixtral-8x22b-instruct-v0.1,viper,third,79,12,29
mixtral-8x7b-instruct-v0.1,art,first,7,20,25
mixtral-8x7b-instruct-v0.1,art,second,22,90,88
mixtral-8x7b-instruct-v0.1,art,third,12,90,90
mixtral-8x7b-instruct-v0.1,beam,first,0,0,20
mixtral-8x7b-instruct-v0.1,beam,second,50,39,40
mixtral-8x7b-instruct-v0.1,beam,third,62,57,70
mixtral-8x7b-instruct-v0.1,buckling,first,2,15,10
mixtral-8x7b-instruct-v0.1,buckling,second,52,69,69
mixtral-8x7b-instruct-v0.1,buckling,third,85,15,34
mixtral-8x7b-instruct-v0.1,cable,first,12,12,30
mixtral-8x7b-instruct-v0.1,cable,second,78,78,72
mixtral-8x7b-instruct-v0.1,cable,third,47,32,12
mixtral-8x7b-instruct-v0.1,camera,first,20,40,10
mixtral-8x7b-instruct-v0.1,camera,second,52,67,67
mixtral-8x7b-instruct-v0.1,camera,third,37,0,32
mixtral-8x7b-instruct-v0.1,citybus,first,12,0,30
mixtral-8x7b-instruct-v0.1,citybus,second,12,37,42
mixtral-8x7b-instruct-v0.1,citybus,third,12,77,77
mixtral-8x7b-instruct-v0.1,curiosity,first,0,20,15
mixtral-8x7b-instruct-v0.1,curiosity,second,12,37,57
mixtral-8x7b-instruct-v0.1,curiosity,third,91,27,19
mixtral-8x7b-instruct-v0.1,feda,first,30,0,12
mixtral-8x7b-instruct-v0.1,feda,second,12,70,57
mixtral-8x7b-instruct-v0.1,feda,third,52,34,34
mixtral-8x7b-instruct-v0.1,gator,first,22,20,27
mixtral-8x7b-instruct-v0.1,gator,second,12,38,75
mixtral-8x7b-instruct-v0.1,gator,third,7,52,70
mixtral-8x7b-instruct-v0.1,gear,first,91,0,17
mixtral-8x7b-instruct-v0.1,gear,second,70,78,77
mixtral-8x7b-instruct-v0.1,gear,third,95,42,32
mixtral-8x7b-instruct-v0.1,gps_imu,first,32,12,15
mixtral-8x7b-instruct-v0.1,gps_imu,second,12,39,15
mixtral-8x7b-instruct-v0.1,handler,first,35,0,2
mixtral-8x7b-instruct-v0.1,handler,second,37,75,70
mixtral-8x7b-instruct-v0.1,handler,third,10,20,20
mixtral-8x7b-instruct-v0.1,hmmwv,first,2,0,22
mixtral-8x7b-instruct-v0.1,hmmwv,second,32,57,64
mixtral-8x7b-instruct-v0.1,hmmwv,third,37,69,69
mixtral-8x7b-instruct-v0.1,kraz,first,14,20,10
mixtral-8x7b-instruct-v0.1,kraz,second,24,57,59
mixtral-8x7b-instruct-v0.1,kraz,third,12,25,27
mixtral-8x7b-instruct-v0.1,lidar,first,20,9,0
mixtral-8x7b-instruct-v0.1,lidar,second,15,4,12
mixtral-8x7b-instruct-v0.1,lidar,third,7,0,25
mixtral-8x7b-instruct-v0.1,m113,first,0,0,2
mixtral-8x7b-instruct-v0.1,m113,second,10,44,12
mixtral-8x7b-instruct-v0.1,m113,third,12,35,12
mixtral-8x7b-instruct-v0.1,man,first,12,10,17
mixtral-8x7b-instruct-v0.1,man,second,72,59,62
mixtral-8x7b-instruct-v0.1,man,third,12,22,37
mixtral-8x7b-instruct-v0.1,mass_spring_damper,first,29,15,27
mixtral-8x7b-instruct-v0.1,mass_spring_damper,second,42,32,50
mixtral-8x7b-instruct-v0.1,mass_spring_damper,third,64,58,35
mixtral-8x7b-instruct-v0.1,particles,first,25,0,30
mixtral-8x7b-instruct-v0.1,particles,second,12,62,62
mixtral-8x7b-instruct-v0.1,particles,third,62,9,68
mixtral-8x7b-instruct-v0.1,pendulum,first,22,82,0
mixtral-8x7b-instruct-v0.1,pendulum,second,37,27,40
mixtral-8x7b-instruct-v0.1,pendulum,third,60,32,37
mixtral-8x7b-instruct-v0.1,rigid_highway,first,14,2,12
mixtral-8x7b-instruct-v0.1,rigid_highway,second,34,90,80
mixtral-8x7b-instruct-v0.1,rigid_highway,third,15,82,72
mixtral-8x7b-instruct-v0.1,rigid_multipatches,first,0,2,27
mixtral-8x7b-instruct-v0.1,rigid_multipatches,second,19,44,44
mixtral-8x7b-instruct-v0.1,rigid_multipatches,third,32,80,80
mixtral-8x7b-instruct-v0.1,rotor,first,17,9,29
mixtral-8x7b-instruct-v0.1,rotor,second,42,80,80
mixtral-8x7b-instruct-v0.1,rotor,third,25,17,22
mixtral-8x7b-instruct-v0.1,scm,first,29,27,22
mixtral-8x7b-instruct-v0.1,scm,second,87,75,77
mixtral-8x7b-instruct-v0.1,scm,third,12,27,35
mixtral-8x7b-instruct-v0.1,scm_hill,first,5,0,5
mixtral-8x7b-instruct-v0.1,scm_hill,second,12,27,32
mixtral-8x7b-instruct-v0.1,scm_hill,third,9,29,57
mixtral-8x7b-instruct-v0.1,sedan,first,22,7,15
mixtral-8x7b-instruct-v0.1,sedan,second,37,32,57
mixtral-8x7b-instruct-v0.1,sedan,third,12,12,30
mixtral-8x7b-instruct-v0.1,sensros,first,10,40,0
mixtral-8x7b-instruct-v0.1,sensros,second,17,37,44
mixtral-8x7b-instruct-v0.1,sensros,third,32,75,68
mixtral-8x7b-instruct-v0.1,slider_crank,first,2,20,20
mixtral-8x7b-instruct-v0.1,slider_crank,second,69,44,79
mixtral-8x7b-instruct-v0.1,slider_crank,third,82,62,42
mixtral-8x7b-instruct-v0.1,tablecloth,first,27,27,17
mixtral-8x7b-instruct-v0.1,tablecloth,second,4,12,37
mixtral-8x7b-instruct-v0.1,tablecloth,third,42,57,67
mixtral-8x7b-instruct-v0.1,turtlebot,first,17,20,27
mixtral-8x7b-instruct-v0.1,turtlebot,second,63,56,51
mixtral-8x7b-instruct-v0.1,turtlebot,third,32,12,32
mixtral-8x7b-instruct-v0.1,uazbus,second,78,49,59
mixtral-8x7b-instruct-v0.1,uazbus,third,12,74,29
mixtral-8x7b-instruct-v0.1,vehros,first,5,0,10
mixtral-8x7b-instruct-v0.1,vehros,second,32,27,12
mixtral-8x7b-instruct-v0.1,vehros,third,60,37,32
mixtral-8x7b-instruct-v0.1,veh_app,first,5,0,25
mixtral-8x7b-instruct-v0.1,veh_app,second,15,2,30
mixtral-8x7b-instruct-v0.1,veh_app,third,30,14,47
mixtral-8x7b-instruct-v0.1,viper,first,12,27,17
mixtral-8x7b-instruct-v0.1,viper,second,69,32,29
mixtral-8x7b-instruct-v0.1,viper,third,69,29,27
nemotron-4-340b-instruct,art,first,32,15,22
nemotron-4-340b-instruct,art,second,15,90,90
nemotron-4-340b-instruct,art,third,88,85,85
nemotron-4-340b-instruct,beam,first,52,0,17
nemotron-4-340b-instruct,beam,second,54,32,19
nemotron-4-340b-instruct,beam,third,87,86,72
nemotron-4-340b-instruct,buckling,first,100,25,27
nemotron-4-340b-instruct,buckling,second,0,10,7
nemotron-4-340b-instruct,buckling,third,30,0,22
nemotron-4-340b-instruct,cable,first,62,30,10
nemotron-4-340b-instruct,cable,second,17,73,76
nemotron-4-340b-instruct,cable,third,17,15,39
nemotron-4-340b-instruct,camera,first,22,7,2
nemotron-4-340b-instruct,camera,second,32,22,32
nemotron-4-340b-instruct,camera,third,12,47,37
nemotron-4-340b-instruct,citybus,first,27,12,15
nemotron-4-340b-instruct,citybus,second,12,12,54
nemotron-4-340b-instruct,citybus,third,7,52,65
nemotron-4-340b-instruct,curiosity,first,10,0,15
nemotron-4-340b-instruct,curiosity,second,17,55,63
nemotron-4-340b-instruct,curiosity,third,47,39,50
nemotron-4-340b-instruct,feda,first,54,7,17
nemotron-4-340b-instruct,feda,second,15,47,29
nemotron-4-340b-instruct,feda,third,12,30,54
nemotron-4-340b-instruct,gator,first,29,7,25
nemotron-4-340b-instruct,gator,second,19,49,49
nemotron-4-340b-instruct,gator,third,12,85,72
nemotron-4-340b-instruct,gear,first,7,0,12
nemotron-4-340b-instruct,gear,second,27,30,9
nemotron-4-340b-instruct,gear,third,15,12,35
nemotron-4-340b-instruct,gps_imu,first,20,10,2
nemotron-4-340b-instruct,gps_imu,second,96,47,64
nemotron-4-340b-instruct,gps_imu,third,90,67,72
nemotron-4-340b-instruct,handler,first,32,0,20
nemotron-4-340b-instruct,handler,second,45,70,55
nemotron-4-340b-instruct,handler,third,95,30,25
nemotron-4-340b-instruct,hmmwv,first,57,0,27
nemotron-4-340b-instruct,hmmwv,second,47,0,25
nemotron-4-340b-instruct,hmmwv,third,12,14,29
nemotron-4-340b-instruct,kraz,first,64,0,27
nemotron-4-340b-instruct,kraz,second,12,55,37
nemotron-4-340b-instruct,kraz,third,12,0,27
nemotron-4-340b-instruct,lidar,first,54,0,27
nemotron-4-340b-instruct,lidar,second,12,44,32
nemotron-4-340b-instruct,lidar,third,0,2,12
nemotron-4-340b-instruct,m113,first,64,27,27
nemotron-4-340b-instruct,m113,second,9,42,37
nemotron-4-340b-instruct,m113,third,27,32,27
nemotron-4-340b-instruct,man,first,10,2,10
nemotron-4-340b-instruct,man,second,37,29,68
nemotron-4-340b-instruct,man,third,12,29,27
nemotron-4-340b-instruct,mass_spring_damper,first,27,14,12
nemotron-4-340b-instruct,mass_spring_damper,second,62,65,63
nemotron-4-340b-instruct,mass_spring_damper,third,74,19,45
nemotron-4-340b-instruct,particles,first,22,25,15
nemotron-4-340b-instruct,particles,second,67,67,80
nemotron-4-340b-instruct,particles,third,52,17,24
nemotron-4-340b-instruct,pendulum,first,44,0,15
nemotron-4-340b-instruct,pendulum,second,59,40,32
nemotron-4-340b-instruct,pendulum,third,80,32,47
nemotron-4-340b-instruct,rigid_highway,first,29,0,7
nemotron-4-340b-instruct,rigid_highway,second,32,77,67
nemotron-4-340b-instruct,rigid_highway,third,67,85,79
nemotron-4-340b-instruct,rigid_multipatches,first,77,0,40
nemotron-4-340b-instruct,rigid_multipatches,second,27,47,12
nemotron-4-340b-instruct,rigid_multipatches,third,24,68,68
nemotron-4-340b-instruct,rotor,first,100,0,27
nemotron-4-340b-instruct,rotor,second,43,69,78
nemotron-4-340b-instruct,rotor,third,42,57,68
nemotron-4-340b-instruct,scm,first,79,0,7
nemotron-4-340b-instruct,scm,second,14,44,59
nemotron-4-340b-instruct,scm,third,71,27,35
nemotron-4-340b-instruct,scm_hill,first,7,0,25
nemotron-4-340b-instruct,scm_hill,second,80,29,39
nemotron-4-340b-instruct,scm_hill,third,12,44,57
nemotron-4-340b-instruct,sedan,first,0,15,7
nemotron-4-340b-instruct,sedan,second,12,52,37
nemotron-4-340b-instruct,sedan,third,55,32,25
nemotron-4-340b-instruct,sensros,first,24,12,15
nemotron-4-340b-instruct,sensros,second,0,7,19
nemotron-4-340b-instruct,sensros,third,15,12,19
nemotron-4-340b-instruct,slider_crank,first,84,24,0
nemotron-4-340b-instruct,slider_crank,second,78,54,67
nemotron-4-340b-instruct,slider_crank,third,37,58,42
nemotron-4-340b-instruct,tablecloth,first,79,15,10
nemotron-4-340b-instruct,tablecloth,second,71,71,49
nemotron-4-340b-instruct,tablecloth,third,27,12,19
nemotron-4-340b-instruct,turtlebot,first,57,0,5
nemotron-4-340b-instruct,turtlebot,second,84,75,78
nemotron-4-340b-instruct,turtlebot,third,82,9,29
nemotron-4-340b-instruct,uazbus,first,75,0,27
nemotron-4-340b-instruct,uazbus,second,12,60,75
nemotron-4-340b-instruct,uazbus,third,12,47,27
nemotron-4-340b-instruct,vehros,first,0,12,5
nemotron-4-340b-instruct,vehros,third,27,12,27
nemotron-4-340b-instruct,veh_app,first,62,12,25
nemotron-4-340b-instruct,veh_app,second,12,35,15
nemotron-4-340b-instruct,veh_app,third,12,12,12
nemotron-4-340b-instruct,viper,first,73,35,22
nemotron-4-340b-instruct,viper,second,70,84,77
nemotron-4-340b-instruct,viper,third,67,24,37
phi-3-medium-128k-instruct,art,first,5,20,0
phi-3-medium-128k-instruct,art,second,67,93,90
phi-3-medium-128k-instruct,art,third,12,88,85
phi-3-medium-128k-instruct,beam,first,5,25,25
phi-3-medium-128k-instruct,beam,second,25,0,10
phi-3-medium-128k-instruct,beam,third,25,0,22
phi-3-medium-128k-instruct,buckling,first,12,20,15
phi-3-medium-128k-instruct,buckling,second,0,29,12
phi-3-medium-128k-instruct,buckling,third,25,20,20
phi-3-medium-128k-instruct,cable,second,77,70,78
phi-3-medium-128k-instruct,cable,third,0,25,20
phi-3-medium-128k-instruct,camera,first,35,2,2
phi-3-medium-128k-instruct,camera,second,10,30,15
phi-3-medium-128k-instruct,camera,third,22,30,52
phi-3-medium-128k-instruct,citybus,first,22,0,10
phi-3-medium-128k-instruct,citybus,second,12,44,32
phi-3-medium-128k-instruct,citybus,third,14,52,49
phi-3-medium-128k-instruct,curiosity,first,20,10,5
phi-3-medium-128k-instruct,curiosity,second,22,67,67
phi-3-medium-128k-instruct,curiosity,third,14,32,35
phi-3-medium-128k-instruct,feda,first,7,0,0
phi-3-medium-128k-instruct,feda,second,0,14,27
phi-3-medium-128k-instruct,feda,third,14,20,35
phi-3-medium-128k-instruct,gator,first,5,2,27
phi-3-medium-128k-instruct,gator,second,10,40,12
phi-3-medium-128k-instruct,gator,third,14,80,77
phi-3-medium-128k-instruct,gear,first,7,10,7
phi-3-medium-128k-instruct,gear,second,27,27,32
phi-3-medium-128k-instruct,gear,third,35,25,12
phi-3-medium-128k-instruct,gps_imu,first,7,0,10
phi-3-medium-128k-instruct,gps_imu,second,0,20,7
phi-3-medium-128k-instruct,gps_imu,third,10,25,10
phi-3-medium-128k-instruct,handler,first,15,5,15
phi-3-medium-128k-instruct,handler,second,19,70,80
phi-3-medium-128k-instruct,handler,third,72,17,20
phi-3-medium-128k-instruct,hmmwv,first,22,5,35
phi-3-medium-128k-instruct,hmmwv,second,47,30,39
phi-3-medium-128k-instruct,hmmwv,third,69,37,57
phi-3-medium-128k-instruct,kraz,first,15,0,0
phi-3-medium-128k-instruct,kraz,second,12,58,49
phi-3-medium-128k-instruct,kraz,third,40,65,10
phi-3-medium-128k-instruct,lidar,first,20,10,20
phi-3-medium-128k-instruct,lidar,second,0,0,52
phi-3-medium-128k-instruct,lidar,third,5,17,17
phi-3-medium-128k-instruct,m113,first,0,5,5
phi-3-medium-128k-instruct,m113,second,12,4,37
phi-3-medium-128k-instruct,m113,third,40,0,7
phi-3-medium-128k-instruct,man,first,20,25,10
phi-3-medium-128k-instruct,man,second,12,34,12
phi-3-medium-128k-instruct,man,third,12,14,32
phi-3-medium-128k-instruct,mass_spring_damper,first,2,0,20
phi-3-medium-128k-instruct,mass_spring_damper,second,52,34,67
phi-3-medium-128k-instruct,mass_spring_damper,third,83,32,45
phi-3-medium-128k-instruct,particles,first,0,12,2
phi-3-medium-128k-instruct,particles,second,68,52,48
phi-3-medium-128k-instruct,particles,third,49,42,27
phi-3-medium-128k-instruct,pendulum,first,22,20,7
phi-3-medium-128k-instruct,pendulum,second,92,38,48
phi-3-medium-128k-instruct,pendulum,third,22,4,13
phi-3-medium-128k-instruct,rigid_highway,first,25,0,15
phi-3-medium-128k-instruct,rigid_highway,second,15,0,5
phi-3-medium-128k-instruct,rigid_highway,third,17,27,72
phi-3-medium-128k-instruct,rigid_multipatches,first,20,10,7
phi-3-medium-128k-instruct,rigid_multipatches,second,0,30,7
phi-3-medium-128k-instruct,rigid_multipatches,third,27,37,37
phi-3-medium-128k-instruct,rotor,first,25,10,14
phi-3-medium-128k-instruct,rotor,second,0,0,0
phi-3-medium-128k-instruct,rotor,third,5,0,0
phi-3-medium-128k-instruct,scm,first,10,2,5
phi-3-medium-128k-instruct,scm,second,10,0,0
phi-3-medium-128k-instruct,scm,third,5,0,0
phi-3-medium-128k-instruct,scm_hill,first,12,12,22
phi-3-medium-128k-instruct,scm_hill,second,0,2,0
phi-3-medium-128k-instruct,scm_hill,third,15,0,10
phi-3-medium-128k-instruct,sedan,first,20,15,15
phi-3-medium-128k-instruct,sedan,second,5,5,10
phi-3-medium-128k-instruct,sedan,third,20,0,10
phi-3-medium-128k-instruct,sensros,first,2,0,12
phi-3-medium-128k-instruct,sensros,second,25,0,0
phi-3-medium-128k-instruct,sensros,third,0,30,0
phi-3-medium-128k-instruct,slider_crank,first,17,10,12
phi-3-medium-128k-instruct,slider_crank,second,30,30,20
phi-3-medium-128k-instruct,slider_crank,third,10,0,10
phi-3-medium-128k-instruct,tablecloth,first,30,0,22
phi-3-medium-128k-instruct,tablecloth,second,0,15,20
phi-3-medium-128k-instruct,tablecloth,third,5,12,0
phi-3-medium-128k-instruct,turtlebot,first,7,20,20
phi-3-medium-128k-instruct,turtlebot,second,27,22,22
phi-3-medium-128k-instruct,turtlebot,third,43,7,13
phi-3-medium-128k-instruct,uazbus,first,20,7,22
phi-3-medium-128k-instruct,uazbus,second,0,2,10
phi-3-medium-128k-instruct,uazbus,third,0,10,0
phi-3-medium-128k-instruct,vehros,first,20,0,15
phi-3-medium-128k-instruct,vehros,second,27,0,2
phi-3-medium-128k-instruct,vehros,third,0,2,0
phi-3-medium-128k-instruct,veh_app,first,27,10,0
phi-3-medium-128k-instruct,veh_app,second,5,0,5
phi-3-medium-128k-instruct,veh_app,third,10,40,0
phi-3-medium-128k-instruct,viper,first,22,0,10
phi-3-medium-128k-instruct,viper,second,0,75,52
phi-3-medium-128k-instruct,viper,third,45,12,48
phi-3-mini-128k-instruct,art,first,25,0,15
phi-3-mini-128k-instruct,art,second,19,90,90
phi-3-mini-128k-instruct,art,third,58,90,50
phi-3-mini-128k-instruct,beam,first,20,20,7
phi-3-mini-128k-instruct,beam,second,7,10,0
phi-3-mini-128k-instruct,beam,third,22,17,32
phi-3-mini-128k-instruct,buckling,first,25,22,17
phi-3-mini-128k-instruct,buckling,second,10,40,0
phi-3-mini-128k-instruct,buckling,third,2,10,12
phi-3-mini-128k-instruct,cable,first,20,7,12
phi-3-mini-128k-instruct,cable,second,49,75,54
phi-3-mini-128k-instruct,cable,third,27,17,17
phi-3-mini-128k-instruct,camera,first,20,17,25
phi-3-mini-128k-instruct,camera,second,12,20,0
phi-3-mini-128k-instruct,camera,third,0,0,30
phi-3-mini-128k-instruct,citybus,first,12,27,25
phi-3-mini-128k-instruct,citybus,second,12,42,52
phi-3-mini-128k-instruct,citybus,third,72,79,55
phi-3-mini-128k-instruct,curiosity,first,35,7,25
phi-3-mini-128k-instruct,curiosity,second,52,57,58
phi-3-mini-128k-instruct,curiosity,third,20,37,9
phi-3-mini-128k-instruct,feda,first,12,20,10
phi-3-mini-128k-instruct,feda,second,83,29,27
phi-3-mini-128k-instruct,feda,third,15,0,40
phi-3-mini-128k-instruct,gator,first,22,27,27
phi-3-mini-128k-instruct,gator,second,12,37,12
phi-3-mini-128k-instruct,gator,third,50,80,80
phi-3-mini-128k-instruct,gear,first,2,7,15
phi-3-mini-128k-instruct,gear,second,30,5,10
phi-3-mini-128k-instruct,gear,third,30,17,4
phi-3-mini-128k-instruct,gps_imu,first,20,20,7
phi-3-mini-128k-instruct,gps_imu,second,15,12,30
phi-3-mini-128k-instruct,gps_imu,third,32,19,47
phi-3-mini-128k-instruct,handler,first,7,0,7
phi-3-mini-128k-instruct,handler,second,52,10,55
phi-3-mini-128k-instruct,handler,third,42,25,20
phi-3-mini-128k-instruct,hmmwv,first,2,0,12
phi-3-mini-128k-instruct,hmmwv,second,12,25,35
phi-3-mini-128k-instruct,hmmwv,third,70,57,54
phi-3-mini-128k-instruct,kraz,first,35,10,20
phi-3-mini-128k-instruct,kraz,second,47,65,69
phi-3-mini-128k-instruct,kraz,third,88,0,27
phi-3-mini-128k-instruct,lidar,first,0,5,2
phi-3-mini-128k-instruct,lidar,second,10,0,0
phi-3-mini-128k-instruct,lidar,third,5,2,10
phi-3-mini-128k-instruct,m113,first,0,7,20
phi-3-mini-128k-instruct,m113,second,17,34,37
phi-3-mini-128k-instruct,m113,third,14,37,47
phi-3-mini-128k-instruct,man,first,15,20,10
phi-3-mini-128k-instruct,man,second,12,29,67
phi-3-mini-128k-instruct,man,third,12,20,25
phi-3-mini-128k-instruct,mass_spring_damper,first,2,0,20
phi-3-mini-128k-instruct,mass_spring_damper,second,9,12,27
phi-3-mini-128k-instruct,mass_spring_damper,third,64,27,32
phi-3-mini-128k-instruct,particles,first,5,20,0
phi-3-mini-128k-instruct,particles,second,32,35,29
phi-3-mini-128k-instruct,particles,third,44,62,63
phi-3-mini-128k-instruct,pendulum,first,14,20,25
phi-3-mini-128k-instruct,pendulum,second,62,17,52
phi-3-mini-128k-instruct,pendulum,third,65,22,19
phi-3-mini-128k-instruct,rigid_highway,first,27,2,7
phi-3-mini-128k-instruct,rigid_highway,second,12,40,42
phi-3-mini-128k-instruct,rigid_highway,third,30,65,77
phi-3-mini-128k-instruct,rigid_multipatches,first,20,0,27
phi-3-mini-128k-instruct,rigid_multipatches,second,12,49,12
phi-3-mini-128k-instruct,rigid_multipatches,third,27,83,67
phi-3-mini-128k-instruct,rotor,first,5,10,42
phi-3-mini-128k-instruct,rotor,second,20,17,35
phi-3-mini-128k-instruct,rotor,third,20,35,22
phi-3-mini-128k-instruct,scm,first,2,0,10
phi-3-mini-128k-instruct,scm,second,29,25,29
phi-3-mini-128k-instruct,scm,third,12,29,27
phi-3-mini-128k-instruct,scm_hill,first,0,30,15
phi-3-mini-128k-instruct,scm_hill,second,12,10,17
phi-3-mini-128k-instruct,scm_hill,third,80,17,37
phi-3-mini-128k-instruct,sedan,first,25,10,25
phi-3-mini-128k-instruct,sedan,second,12,20,29
phi-3-mini-128k-instruct,sedan,third,22,12,25
phi-3-mini-128k-instruct,sensros,first,20,0,2
phi-3-mini-128k-instruct,sensros,second,27,25,25
phi-3-mini-128k-instruct,sensros,third,15,52,29
phi-3-mini-128k-instruct,slider_crank,first,12,20,27
phi-3-mini-128k-instruct,slider_crank,second,27,31,15
phi-3-mini-128k-instruct,slider_crank,third,27,67,44
phi-3-mini-128k-instruct,tablecloth,first,2,10,0
phi-3-mini-128k-instruct,tablecloth,second,12,30,26
phi-3-mini-128k-instruct,tablecloth,third,24,15,12
phi-3-mini-128k-instruct,turtlebot,first,15,10,25
phi-3-mini-128k-instruct,turtlebot,second,62,70,66
phi-3-mini-128k-instruct,turtlebot,third,25,2,12
phi-3-mini-128k-instruct,uazbus,first,7,0,20
phi-3-mini-128k-instruct,uazbus,second,12,57,54
phi-3-mini-128k-instruct,uazbus,third,12,29,32
phi-3-mini-128k-instruct,vehros,first,2,2,5
phi-3-mini-128k-instruct,vehros,second,12,0,25
phi-3-mini-128k-instruct,vehros,third,14,12,24
phi-3-mini-128k-instruct,veh_app,first,17,12,22
phi-3-mini-128k-instruct,veh_app,second,22,0,27
phi-3-mini-128k-instruct,veh_app,third,35,0,7
phi-3-mini-128k-instruct,viper,first,20,25,25
phi-3-mini-128k-instruct,viper,second,12,60,50
phi-3-mini-128k-instruct,viper,third,50,12,35
